id,x,y,z,qx,qy,qz,qw
0,-4.13021e-09,2.24817e-08,1.41983e-10,-1.20673e-07,1.12503e-07,-2.93263e-06,1
1,4.15448,-0.0665509,0.000388744,-0.0107794,0.00867341,-0.00191245,0.999902
2,8.3125,-0.179545,-0.0164214,-0.00820453,0.00814544,0.00146849,0.999932
3,12.6001,-0.187383,-0.0964056,-0.0102868,-0.00754994,0.0174029,0.999767
4,16.787,-0.110243,-0.0728771,-0.00249748,0.00268521,0.0264091,0.999644
5,20.9349,0.0216197,-0.0974682,-0.00896986,0.00307146,0.023542,0.999678
6,25.4523,0.10274,-0.14361,-0.00502421,0.010858,0.0186156,0.999755
7,29.5253,0.138692,-0.217019,-0.00703838,0.0156439,0.0175464,0.999699
8,34.0056,0.252659,-0.324515,-0.00489233,0.0143604,0.0407965,0.999052
9,38.293,0.777134,-0.424774,0.00398513,0.0178456,0.126935,0.991742
10,42.1826,2.28085,-0.561896,0.0052887,0.0136116,0.261,0.965228
11,45.6448,4.85457,-0.637458,0.00877292,0.0162327,0.393183,0.919275
12,48.1355,8.1027,-0.681984,0.00795793,0.0173827,0.504485,0.863209
13,50.0463,11.9793,-0.734659,0.00528674,0.0144714,0.554228,0.832222
14,51.5786,15.7177,-0.780918,0.00142041,0.0105142,0.575252,0.817907
15,52.8222,19.5595,-0.823895,-0.00459955,0.0115372,0.670759,0.741572
16,52.3646,23.8657,-0.834817,0.0171561,-0.00569049,0.830574,0.556615
17,50.2986,27.3004,-0.721276,0.0140356,0.00307264,0.91438,0.404601
18,47.2089,30.1696,-0.644409,0.0138916,0.0142889,0.953352,0.301205
19,43.5936,32.5742,-0.572744,0.0169283,0.0161352,0.964362,0.263549
20,39.9542,34.7807,-0.488149,0.0128875,0.0176771,0.96799,0.250035
21,35.9287,37.0576,-0.42208,0.0199684,0.0182448,0.970545,0.239396
22,32.3626,38.9833,-0.314791,0.0131419,0.0169829,0.972768,0.230781
23,28.5614,40.9124,-0.236366,0.0124637,0.0136562,0.97615,0.21631
24,24.4008,42.8758,-0.158134,0.0105297,0.0153332,0.980205,0.19711
25,20.3249,44.6356,-0.0920536,0.0119292,0.0192613,0.983187,0.181189
26,15.9024,46.3657,-0.0185809,0.0108973,0.0194158,0.985693,0.167075
27,11.3321,48.0091,0.037401,0.00937201,0.0192996,0.988148,0.151996
28,7.43123,49.2761,0.0837806,0.00872557,0.0195486,0.990375,0.136741
29,2.60931,50.6313,0.150669,0.00482497,0.0164002,0.992921,0.117533
30,-2.19188,51.8093,0.189941,0.00334325,0.0175153,0.994787,0.100404
31,-6.82895,52.7969,0.230667,0.00100822,0.01672,0.995978,0.0880275
32,-11.638,53.7088,0.252531,-0.000349381,0.0159006,0.996892,0.0771573
33,-16.2673,54.4719,0.255982,-0.00294549,0.0176428,0.997937,0.0616667
34,-20.7933,55.0769,0.240593,-0.00599104,0.0167213,0.998727,0.0472149
35,-25.2772,55.5582,0.208711,-0.00924844,0.0192681,0.999214,0.0333594
36,-29.5553,55.8913,0.147309,-0.00832167,0.0236813,0.99952,0.0181691
37,-33.7966,56.0771,0.110563,-0.0135112,0.0217431,0.999672,0.00108484
38,-38.5064,56.0915,0.0123934,-0.0140488,0.0210943,0.999491,-0.0193775
39,-42.7409,55.9447,-0.0702008,-0.0135449,0.0165294,0.999035,-0.038359
40,-47.1884,55.6383,-0.112708,-0.0214416,0.0240949,0.997716,-0.0593512
41,-51.3108,55.1672,-0.228718,-0.0173518,0.016437,0.99746,-0.067103
42,-55.3904,54.7266,-0.314823,-0.013944,0.018086,0.998819,-0.0428921
43,-59.5138,55.0106,-0.440704,-0.0191252,0.0146374,0.99248,0.120011
44,-63.072,56.8393,-0.620329,0.0102671,-0.0145655,0.923344,0.38356
45,-65.4761,60.3436,-0.59191,-0.0335502,-0.0021772,0.859154,0.510613
46,-67.2518,64.1994,-0.8144,-0.0317226,-0.00551856,0.833805,0.551119
47,-68.7461,68.3545,-1.00673,-0.0443719,-0.00356943,0.806574,0.589453
48,-69.6609,72.3124,-1.25887,-0.0174777,-0.00844296,0.774083,0.632786
49,-70.2151,76.5035,-1.27813,0.00472834,-0.0251703,0.73302,0.679724
50,-70.1373,80.5934,-1.09857,-0.0116423,-0.0108796,0.678296,0.734616
51,-69.4242,84.8145,-1.12901,-0.0284067,0.0104763,0.619952,0.784056
52,-67.7938,88.906,-1.3388,-0.0345947,0.00951571,0.509169,0.859919
53,-65.3454,92.1485,-1.51456,-0.0297054,0.00646936,0.421262,0.906429
54,-62.4396,95.279,-1.65997,-0.0282593,0.00608639,0.408945,0.912101
55,-59.4797,98.565,-1.80811,-0.0288898,0.00887425,0.422099,0.906046
56,-56.6405,101.93,-1.97795,-0.0323663,0.0131842,0.435393,0.899562
57,-53.7418,105.474,-2.19182,-0.0316358,0.00809905,0.441484,0.896674
58,-50.8372,109.105,-2.37406,-0.031862,0.00973641,0.446541,0.894143
59,-47.9285,112.878,-2.5751,-0.0351168,0.0131932,0.451505,0.89148
60,-45.5296,116.054,-2.76628,-0.036175,0.0117594,0.458813,0.887718
61,-42.8091,119.793,-3.01075,-0.0364879,0.0127191,0.466379,0.883741
62,-40.1757,123.552,-3.23079,-0.0375817,0.0062477,0.469845,0.881926
63,-37.6108,127.204,-3.39614,-0.040792,-0.00110964,0.467359,0.883125
64,-35.0978,130.737,-3.53344,-0.0405997,-0.000578652,0.466347,0.88367
65,-32.4664,134.434,-3.66812,-0.038456,-0.00241289,0.471037,0.881272
66,-29.7837,138.319,-3.7982,-0.0373007,-0.00314496,0.477988,0.877568
67,-27.2232,142.149,-3.92259,-0.0353773,-0.00184431,0.485441,0.873551
68,-24.7485,146.009,-4.03241,-0.036613,0.000826712,0.489724,0.871108
69,-22.5105,149.412,-4.14028,-0.0353848,0.000364022,0.481201,0.875896
70,-20.1787,152.997,-4.24106,-0.0332579,-0.000652515,0.495187,0.86815
71,-18.0067,156.853,-4.34861,-0.0359955,0.00149896,0.538926,0.841582
72,-16.5065,160.953,-4.51565,-0.0342563,0.00546589,0.645597,0.76289
73,-16.4914,165.047,-4.73229,-0.0315721,0.00765363,0.787364,0.615631
74,-18.2298,168.974,-4.99807,-0.00863767,0.0116699,0.895254,0.44532
75,-21.2045,172.014,-5.04462,0.000701006,0.00628166,0.952536,0.30436
76,-24.6289,174.191,-5.08884,-0.0278356,0.016041,0.959757,0.278988
77,-27.7576,176.879,-5.3046,-0.0166325,0.00352207,0.883266,0.468565
78,-28.892,181.008,-5.42373,-0.0155747,-0.000622784,0.679673,0.73335
79,-27.4296,184.952,-5.48765,-0.0173253,0.00515379,0.495633,0.868344
80,-25.0078,188.381,-5.60352,-0.0212979,0.0100195,0.458104,0.888587
81,-22.6197,191.584,-5.74744,-0.0211821,0.00903549,0.460038,0.887601
82,-20.1656,194.956,-5.88386,-0.0224397,0.0103101,0.467329,0.883738
83,-17.7681,198.41,-6.03152,-0.0244721,0.00986131,0.480743,0.876464
84,-15.5576,201.872,-6.16757,-0.019418,0.00618298,0.520696,0.853499
85,-14.0444,205.94,-6.29816,-0.0139173,0.00872599,0.658588,0.752325
86,-14.2294,210.087,-6.41801,-0.00772281,0.0116068,0.808114,0.588859
87,-16.293,213.795,-6.52103,-0.000323092,0.0151459,0.918338,0.395508
88,-19.5265,216.409,-6.54041,-0.0140058,0.0152781,0.961925,0.272526
89,-22.9535,218.474,-6.68666,-0.0193413,0.0122421,0.966014,0.257473
90,-26.5562,220.771,-6.85029,-0.0105272,0.00668073,0.957839,0.287034
91,-30.121,223.376,-6.96908,-0.0132592,0.0055602,0.950654,0.309919
92,-33.2993,225.846,-7.07507,-0.0104465,0.00783652,0.949996,0.311988
93,-36.6141,228.397,-7.17076,-0.00923943,0.0135416,0.95182,0.30622
94,-40.0011,230.907,-7.25834,-0.00539437,0.0156174,0.954666,0.297221
95,-43.5948,233.429,-7.3515,-0.0205854,0.0183822,0.957604,0.286765
96,-47.2656,235.901,-7.55898,-0.0172737,0.0131938,0.959297,0.28156
97,-50.9246,238.339,-7.71647,-0.0156118,0.00937593,0.959953,0.279571
98,-54.4651,240.691,-7.85463,-0.0165742,0.0122169,0.960098,0.278905
99,-58.0529,243.057,-8.00913,-0.0186301,0.0114034,0.960597,0.277086
100,-61.7502,245.495,-8.1656,-0.0165893,0.013277,0.960843,0.276276
101,-65.106,247.681,-8.30176,-0.00758179,0.0168247,0.964492,0.263468
102,-68.8011,249.847,-8.38623,-0.010756,0.0249208,0.975492,0.218356
103,-72.8954,251.381,-8.5361,-0.0191954,0.0287172,0.994777,0.0960441
104,-77.0426,251.68,-8.67982,-0.0125052,0.0338529,0.997635,-0.0584979
105,-81.1044,250.624,-8.71147,-0.00967231,0.0305883,0.972518,-0.23061
106,-84.4597,248.298,-8.65135,0.000406363,0.02546,0.914837,-0.403021
107,-86.742,244.825,-8.51398,-0.015338,-0.0253395,-0.794984,0.605908
108,-86.9213,240.631,-8.28908,-0.0188342,-0.0283804,-0.603616,0.796547
109,-85.0346,236.98,-8.02752,-0.0221361,-0.0213781,-0.411957,0.910684
110,-81.9113,234.087,-7.7981,-0.0220612,-0.0112406,-0.313581,0.949239
111,-78.3748,231.587,-7.66108,-0.0205974,-0.00444038,-0.27802,0.960344
112,-74.7551,229.269,-7.56038,-0.0264211,-0.0049007,-0.269201,0.962709
113,-70.8538,226.809,-7.43574,-0.0266935,-0.0065549,-0.269605,0.962579
114,-67.4342,224.632,-7.31485,-0.028998,-0.00580464,-0.268325,0.962874
115,-63.9535,222.431,-7.18429,-0.0284926,-0.00655666,-0.26742,0.963136
116,-60.3578,220.128,-7.04697,-0.0248099,-0.0138207,-0.269472,0.962589
117,-56.9086,217.925,-6.8776,-0.0240165,-0.0152146,-0.271684,0.961967
118,-53.3717,215.64,-6.67709,-0.020926,0.000264271,-0.276747,0.960715
119,-50.0433,213.396,-6.60329,-0.0193948,-0.000892044,-0.280944,0.959528
120,-46.2751,210.854,-6.52276,-0.0215549,-0.00149999,-0.285092,0.958257
121,-42.6148,208.377,-6.42328,-0.0235859,-0.000730462,-0.280505,0.959562
122,-38.9602,205.976,-6.31303,-0.0253779,-0.000688195,-0.274883,0.961143
123,-35.6119,203.76,-6.20077,-0.0221189,-0.0110659,-0.278044,0.96025
124,-32.0193,201.38,-6.0118,-0.0216773,-0.0020352,-0.289343,0.956978
125,-28.7303,198.89,-5.94816,-0.0156526,0.00493031,-0.360367,0.932666
126,-26.2128,195.669,-5.88522,-0.0241934,-0.00174351,-0.536761,0.843385
127,-25.5735,191.603,-5.72928,-0.0185084,-0.00914681,-0.747646,0.663777
128,-26.959,187.874,-5.57567,-0.00662873,-0.0096594,-0.862353,0.506172
129,-29.1768,184.601,-5.50496,0.00264625,0.00888395,0.885884,-0.463814
130,-31.6818,181.079,-5.45025,0.00319677,0.00743005,0.88121,-0.472655
131,-34.0267,177.621,-5.38623,0.00221709,0.0071181,0.874311,-0.48531
132,-36.3379,174.024,-5.32545,0.00588177,0.00343289,0.875397,-0.483357
133,-38.73,170.442,-5.24701,0.0131877,0.00520991,0.87812,-0.47823
134,-41.0807,166.964,-5.12911,0.0106259,0.00541065,0.876245,-0.481719
135,-43.2818,163.599,-5.01265,0.00965732,0.00750142,0.871377,-0.490462
136,-45.4583,160.108,-4.88061,0.00852653,0.00593178,0.869222,-0.494314
137,-47.7082,156.691,-4.75969,0.000412478,0.00194501,0.893942,-0.448179
138,-50.7304,153.763,-4.74295,-0.00237436,-0.00235769,0.959002,-0.283377
139,-54.5001,152.361,-4.77097,-0.00277695,-0.00231619,0.99717,-0.0750886
140,-58.4773,152.598,-4.79617,0.000326568,0.00265687,0.994624,0.103512
141,-62.5662,154.099,-4.82649,-0.0188498,0.0103097,0.977582,0.209459
142,-66.4119,156.141,-5.00372,-0.0138987,0.00321957,0.968228,0.249661
143,-69.8862,158.241,-5.11411,-0.00990772,0.00354452,0.964649,0.263326
144,-73.4581,160.491,-5.19816,-0.0112573,0.00523327,0.963543,0.267267
145,-77.1031,162.815,-5.28867,-0.0101089,0.00612987,0.962501,0.271019
146,-80.7732,165.195,-5.36771,-0.00845915,0.00588901,0.961351,0.275133
147,-84.5007,167.639,-5.44767,-0.0184878,0.00655557,0.960237,0.278497
148,-87.8098,169.853,-5.61467,-0.021781,0.00739326,0.959251,0.28162
149,-91.1423,172.111,-5.79491,-0.0195663,0.00480842,0.95856,0.284176
150,-94.8928,174.672,-5.96123,-0.0186253,0.00201021,0.957889,0.286527
151,-98.5008,177.167,-6.09417,-0.0178121,0.00199575,0.957309,0.288512
152,-101.932,179.569,-6.2104,-0.0180187,0.00302324,0.956558,0.290971
153,-105.531,182.119,-6.34481,-0.0122542,0.00529591,0.95634,0.291953
154,-108.789,184.426,-6.43385,-0.0132736,0.00718546,0.956936,0.289904
155,-112.165,186.684,-6.52205,-0.0212516,0.0122703,0.968123,0.249269
156,-116.222,188.427,-6.71499,-0.0181293,0.0155709,0.994501,0.101968
157,-120.6,188.544,-6.85062,-0.0168213,0.0149611,0.993632,-0.110402
158,-124.541,186.733,-6.94261,-0.00983569,0.0163826,0.936434,-0.350322
159,-127.033,183.511,-6.92517,-0.00209555,-0.023426,-0.830325,0.556782
160,-127.853,179.128,-6.76167,-0.00548202,-0.0248184,-0.684124,0.728924
161,-127.008,175.104,-6.56695,-0.00688153,-0.0236363,-0.544634,0.838313
162,-124.771,171.391,-6.35009,-0.00635987,-0.0233905,-0.414852,0.909566
163,-121.766,168.519,-6.17847,-0.011163,-0.00277784,-0.315805,0.948755
164,-118.185,166.135,-6.11623,-0.0151425,-0.00733496,-0.251937,0.967597
165,-114.246,163.942,-5.99755,-0.0230816,-0.00678178,-0.247152,0.968678
166,-110.793,161.893,-5.88371,-0.0217251,-0.00709744,-0.258809,0.965658
167,-107.327,159.752,-5.76834,-0.0213234,-0.00854716,-0.268025,0.963138
168,-103.714,157.397,-5.63142,-0.0185815,-0.0127409,-0.278518,0.960167
169,-100.255,155.046,-5.46832,-0.0165224,-0.0176833,-0.286985,0.957629
170,-96.7611,152.597,-5.26395,-0.0118018,-0.0116001,-0.291725,0.956359
171,-93.167,150.042,-5.15356,-0.00957146,-0.0018538,-0.295858,0.955182
172,-89.6797,147.524,-5.09981,-0.0143806,-0.00592305,-0.298897,0.954158
173,-86.1725,144.977,-4.99787,-0.0162519,-0.00437638,-0.29866,0.954211
174,-82.7221,142.483,-4.90117,-0.0145197,-0.00730233,-0.296321,0.95495
175,-79.4881,140.145,-4.78402,-0.0144492,-0.00872975,-0.289472,0.957038
176,-75.8163,137.776,-4.65091,-0.00995844,-0.0152225,-0.230786,0.972834
177,-71.819,136.138,-4.50004,-0.00496841,0.00195196,-0.120656,0.99268
178,-67.7632,135.544,-4.50068,-0.00600516,0.00479943,0.00430212,0.999961
179,-63.6063,136.041,-4.51047,-0.0131418,0.00778708,0.147563,0.988935
180,-59.7229,137.801,-4.56649,-0.0189817,0.0073171,0.298651,0.954146
181,-56.5637,140.614,-4.64562,-0.0113048,-0.00265723,0.433235,0.901206
182,-54.1136,143.863,-4.67494,-0.0138237,-0.00605383,0.466856,0.884204
183,-51.7475,147.309,-4.69842,-0.0151322,-0.00699127,0.48107,0.876524
184,-49.4941,150.704,-4.70394,-0.0129298,-0.004655,0.483811,0.875065
185,-47.0934,154.317,-4.72377,-0.0148541,0.00336954,0.481216,0.87647
186,-44.623,158.009,-4.82786,-0.019388,0.00834343,0.479437,0.877323
187,-42.3399,161.408,-4.93406,-0.0202461,0.00908414,0.480353,0.876794
188,-40.1136,164.737,-5.04706,-0.0223345,0.00759323,0.479906,0.877003
189,-37.8676,168.094,-5.15674,-0.0255749,0.0045716,0.481349,0.876144
190,-35.724,171.485,-5.26794,-0.016123,0.00214138,0.535356,0.84447
191,-34.5279,175.326,-5.35105,-0.00929155,0.00529963,0.69017,0.723568
192,-35.0063,179.335,-5.42774,0.000517637,0.00962993,0.830216,0.557359
193,-37.1615,182.836,-5.46819,0.015219,0.00723661,0.91816,0.395851
194,-40.3283,185.624,-5.37924,0.0223238,0.00515871,0.95247,0.303769
195,-43.7396,187.978,-5.21015,0.019681,0.0048,0.960758,0.276646
196,-47.3945,190.343,-5.07381,0.0137021,0.00413936,0.961801,0.273378
197,-50.7846,192.549,-4.9843,0.0162397,0.00215136,0.961355,0.274824
198,-54.1452,194.754,-4.87875,0.0143748,0.00460716,0.961647,0.273873
199,-57.6485,197.044,-4.78697,0.0135103,0.00487684,0.96125,0.275302
200,-61.154,199.347,-4.68395,0.0103381,0.00753599,0.960906,0.27658
201,-64.5889,201.618,-4.60883,0.0107623,0.00651237,0.961176,0.275647
202,-68.2094,203.988,-4.53429,0.00953387,0.00554162,0.961449,0.274765
203,-71.6554,206.244,-4.4624,0.0102086,0.00598494,0.961331,0.275139
204,-75.1387,208.523,-4.40105,0.0112956,0.0057632,0.961505,0.274498
205,-78.5391,210.743,-4.3247,0.00746768,0.00767605,0.961785,0.273595
206,-82.2269,213.113,-4.26077,0.00322107,0.00850498,0.963146,0.268826
207,-85.6794,215.299,-4.20478,0.00570008,0.00702447,0.963557,0.267351
208,-89.1531,217.542,-4.15259,0.000357206,0.00696318,0.957418,0.288621
209,-92.4117,220.076,-4.21837,-0.0283278,0.0110123,0.92924,0.368225
210,-94.8627,223.596,-4.46243,-0.0275201,0.00100348,0.825928,0.563104
211,-95.3065,227.963,-4.63973,-0.0326447,-0.00365761,0.641742,0.766216
212,-93.4962,231.656,-4.74775,-0.0361419,0.00244515,0.412025,0.910452
213,-89.8275,233.99,-4.82646,-0.0396767,-0.00552009,0.147534,0.988245
214,-85.7787,234.193,-4.76277,-0.0335589,-0.0121356,-0.0764883,0.996432
215,-82.0013,232.899,-4.59362,-0.0255772,-0.00487807,-0.216568,0.97592
216,-78.2535,230.719,-4.4919,-0.0251191,-0.00563514,-0.269209,0.962738
217,-74.8685,228.542,-4.4071,-0.0282063,-0.0067777,-0.273561,0.961417
218,-71.3055,226.245,-4.27138,-0.0294578,-0.000969735,-0.274117,0.961245
219,-67.6326,223.874,-4.14907,-0.032156,-0.00554162,-0.272726,0.961538
220,-64.0738,221.578,-3.9861,-0.0306914,-0.0102281,-0.270038,0.962306
221,-60.5583,219.339,-3.82478,-0.0263568,-0.01288,-0.26787,0.963008
222,-57.0772,217.146,-3.66621,-0.0226807,-0.00840028,-0.265508,0.963805
223,-53.5655,214.959,-3.51941,-0.0206958,-0.0020629,-0.264579,0.96414
224,-50.106,212.806,-3.42748,-0.0222888,-0.00351461,-0.26628,0.963632
225,-46.6579,210.623,-3.34285,-0.0243771,-0.00350349,-0.271083,0.962241
226,-42.87,208.137,-3.26563,-0.0244688,-0.00155887,-0.284231,0.958442
227,-39.435,205.698,-3.15579,-0.0252346,-0.00438513,-0.305273,0.95192
228,-36.2128,203.189,-3.00648,-0.0207568,-0.00574341,-0.315235,0.948769
229,-32.7187,200.558,-2.85801,-0.0193123,-0.00749664,-0.282348,0.959088
230,-29.0882,198.505,-2.78014,-0.0126665,0.00604836,-0.176242,0.984247
231,-25.011,197.659,-2.8051,-0.0169534,0.00208266,0.0144542,0.99975
232,-20.7359,198.603,-2.83417,-0.0192464,0.00314667,0.232126,0.97249
233,-17.3472,201.123,-2.91237,-0.0178546,0.00663126,0.428437,0.903371
234,-15.2981,204.749,-3.03806,-0.0194202,0.0123558,0.603037,0.797381
235,-14.8297,208.891,-3.21499,-0.0150651,0.013438,0.752025,0.658825
236,-16.1296,213.017,-3.37087,-0.00345255,0.0155357,0.871951,0.489333
237,-18.6598,216.094,-3.43163,-0.00603379,0.0159735,0.935584,0.35269
238,-21.8063,218.547,-3.54166,-0.0122341,0.0148416,0.956739,0.29031
239,-25.3204,220.872,-3.67088,-0.0125876,0.0117522,0.962321,0.271372
240,-28.9274,223.142,-3.7795,-0.0127412,0.0131349,0.964538,0.263306
241,-32.5874,225.401,-3.87656,-0.00833749,0.012332,0.965315,0.26066
242,-36.2341,227.624,-3.97548,-0.00823985,0.0124641,0.965251,0.260895
243,-39.9182,229.902,-4.08224,-0.0103502,0.0145565,0.964192,0.264602
244,-43.6455,232.23,-4.199,-0.018101,0.0143277,0.963266,0.267555
245,-47.3132,234.562,-4.34921,-0.0196364,0.0159723,0.962584,0.269799
246,-51.0713,236.949,-4.52492,-0.0198326,0.012991,0.96207,0.27177
247,-54.7869,239.348,-4.72734,-0.0154226,0.0105667,0.961921,0.272689
248,-58.4254,241.715,-4.87264,-0.0099347,0.00958443,0.960977,0.276284
249,-62.0138,244.096,-4.96775,-0.0161987,0.011748,0.959463,0.281124
250,-65.4171,246.419,-5.07336,-0.013316,0.0147478,0.958164,0.285529
251,-68.8867,248.834,-5.18908,-0.0136194,0.0206179,0.959224,0.281563
252,-72.3505,250.922,-5.35899,-0.0186968,0.0242718,0.978208,0.20535
253,-76.5163,252.063,-5.51475,-0.00887446,0.0257332,0.999515,0.0151314
254,-80.6663,251.47,-5.53656,-0.00376254,0.0265804,0.979823,-0.198061
255,-84.1857,249.167,-5.46808,-0.000295236,0.0235505,0.914094,-0.404818
256,-86.658,245.685,-5.3679,-0.00511783,-0.0227034,-0.863608,0.503629
257,-88.7142,242.169,-5.22783,-0.00579384,-0.0237384,-0.861298,0.507511
258,-90.9674,238.392,-5.07893,0.00644626,0.0248994,0.868351,-0.495283
259,-93.3619,234.688,-4.92695,0.00545887,0.0254108,0.876831,-0.480094
260,-95.7401,231.272,-4.7766,-0.00258744,0.0199807,0.884512,-0.466081
261,-98.3959,227.702,-4.70951,-0.00377943,0.0207098,0.890233,-0.455019
262,-101.109,224.17,-4.63988,-0.00444267,0.0254806,0.890723,-0.45381
263,-103.803,220.588,-4.55315,-0.00265781,0.0232346,0.888622,-0.458043
264,-106.363,217.118,-4.46845,-0.00256582,0.0204587,0.88617,-0.4629
265,-108.859,213.656,-4.39369,-0.00184372,0.0235809,0.88166,-0.471293
266,-111.304,210.111,-4.29882,-0.00240075,0.0254698,0.876625,-0.480494
267,-113.569,206.66,-4.19433,-0.000427953,0.0263679,0.872889,-0.487206
268,-115.847,203.14,-4.08343,0.00318791,0.0242956,0.874701,-0.484043
269,-118.187,199.646,-3.9774,-0.010726,0.0198795,0.876217,-0.481387
270,-120.549,196.14,-3.9595,-0.00832096,0.0222983,0.878082,-0.477917
271,-122.837,192.811,-3.91861,-0.00813711,0.0238182,0.879161,-0.47586
272,-125.129,189.482,-3.87069,-0.00727291,0.0222042,0.878416,-0.477325
273,-127.339,185.955,-3.81489,0.00392338,-0.0211581,-0.849705,0.526818
274,-128.779,182.087,-3.72385,0.000609162,-0.0205281,-0.761283,0.648094
275,-128.819,178.002,-3.5942,-0.00318332,-0.0177367,-0.629924,0.776448
276,-127.349,174.066,-3.43414,-0.00902847,-0.0251149,-0.474192,0.880017
277,-124.557,170.899,-3.19964,-0.0110728,-0.0210567,-0.331316,0.94322
278,-121.153,168.517,-3.04389,-0.0136643,-0.00932899,-0.266336,0.963738
279,-117.463,166.298,-2.92385,-0.0161968,-0.00450286,-0.258015,0.965995
280,-113.692,163.993,-2.80407,-0.017976,-0.00406039,-0.266444,0.963674
281,-110.052,161.682,-2.69946,-0.0213858,-0.00878045,-0.27096,0.962313
282,-106.38,159.322,-2.55451,-0.0222677,-0.0164087,-0.272148,0.961858
283,-102.738,156.949,-2.37562,-0.0170866,-0.0155955,-0.273987,0.961455
284,-99.2132,154.657,-2.18843,-0.0159957,-0.00950043,-0.275511,0.961118
285,-95.6604,152.315,-2.02985,-0.0126892,-0.00429154,-0.277209,0.960716
286,-92.1353,149.965,-1.93949,-0.0120119,-0.00618746,-0.278384,0.960375
287,-88.5627,147.588,-1.86832,-0.0137119,-0.00655356,-0.284147,0.95866
288,-84.8726,145.023,-1.77027,-0.0155213,-0.00213706,-0.294583,0.955497
289,-81.3778,142.473,-1.66099,-0.0146764,-0.00459976,-0.303611,0.952672
290,-78.0713,139.991,-1.53497,-0.0134228,-0.00933974,-0.303155,0.952801
291,-74.8188,137.68,-1.40315,-0.0106931,-0.0105057,-0.267158,0.963536
292,-70.9832,135.664,-1.33547,-0.0078151,-0.000149436,-0.174419,0.984641
293,-66.7746,134.589,-1.31432,-0.00984426,6.32788e-05,-0.0374055,0.999252
294,-62.7135,134.826,-1.28546,-0.0084708,-0.00114991,0.131578,0.991269
295,-58.797,136.532,-1.29167,-0.00935087,-0.000295291,0.309543,0.95084
296,-55.6727,139.476,-1.33982,-0.00719019,0.0053882,0.468235,0.883558
297,-54.0261,143.251,-1.40518,-0.00716103,0.00725666,0.664541,0.747182
298,-54.4611,147.411,-1.48797,-0.00977191,0.00779232,0.836288,0.548151
299,-56.8143,150.673,-1.56136,-0.0038642,0.00662258,0.939796,0.341648
300,-60.28,152.998,-1.59276,-0.00532406,0.00671394,0.971352,0.237492
301,-63.9007,154.851,-1.69536,-0.0162954,0.00479021,0.974267,0.224756
302,-67.8203,156.944,-1.85235,-0.015523,0.00447307,0.970363,0.241114
303,-71.3534,158.984,-1.96446,-0.0126176,0.00302626,0.966597,0.255975
304,-74.9353,161.207,-2.03448,-0.00854801,0.00469026,0.963268,0.268365
305,-78.474,163.474,-2.1196,-0.00700922,0.00348322,0.962254,0.272041
306,-82.0851,165.819,-2.20352,-0.00998456,0.00794758,0.961814,0.273408
307,-85.6985,168.158,-2.28379,-0.0222879,0.00999219,0.961429,0.273968
308,-89.329,170.511,-2.45116,-0.0239273,0.00699519,0.961399,0.274026
309,-92.9581,172.868,-2.64051,-0.0199748,0.0040606,0.96159,0.27373
310,-96.6837,175.285,-2.82762,-0.019266,0.00276496,0.961412,0.274424
311,-100.217,177.596,-2.96493,-0.0179615,0.0035574,0.961454,0.274355
312,-103.731,179.884,-3.07262,-0.0190248,0.00463245,0.961297,0.274818
313,-107.185,182.153,-3.18718,-0.0124947,0.00439692,0.960518,0.277903
314,-110.555,184.426,-3.28145,-0.0100077,0.0034167,0.955362,0.295247
315,-113.827,187.084,-3.40776,-0.0308527,0.00277633,0.924559,0.379777
316,-116.31,190.455,-3.62988,-0.0327877,0.0002825,0.85347,0.520112
317,-117.473,194.38,-3.80853,-0.0268695,-0.00407153,0.749088,0.661913
318,-117.131,198.337,-3.90829,-0.030814,-0.00445456,0.590278,0.806599
319,-114.798,201.841,-3.99464,-0.0322416,-0.00417694,0.347403,0.937152
320,-110.958,203.645,-4.00579,-0.0324341,-0.00790276,0.092316,0.99517
321,-106.855,203.456,-3.90696,-0.0313653,-0.016288,-0.122563,0.991831
322,-103.212,201.865,-3.70646,-0.0278562,-0.0263122,-0.252419,0.966859
323,-99.737,199.464,-3.39364,-0.0250475,-0.0428324,-0.309158,0.949716
324,-96.5796,197.047,-3.03283,-0.0235963,-0.0398087,-0.305808,0.950968
325,-93.2501,194.591,-2.63964,-0.0219998,-0.0336369,-0.299231,0.953334
326,-89.7003,192.065,-2.26258,-0.0245034,-0.0347878,-0.290037,0.956069
327,-86.1101,189.609,-1.90812,-0.0266243,-0.0388924,-0.281605,0.958372
328,-82.4409,187.173,-1.55689,-0.025226,-0.0418304,-0.274878,0.960238
329,-78.7102,184.751,-1.16263,-0.023732,-0.0349683,-0.274673,0.960609
330,-75.3627,182.568,-0.819096,-0.0232159,-0.0291432,-0.274229,0.960942
331,-71.6354,180.154,-0.467921,-0.0238784,-0.0313674,-0.271408,0.961657
332,-67.914,177.775,-0.135951,-0.0254975,-0.0353219,-0.267167,0.962665
333,-64.1292,175.45,0.191414,-0.0257533,-0.038945,-0.257575,0.96513
334,-60.5484,173.332,0.549753,-0.0225317,-0.0292305,-0.248253,0.967992
335,-56.8551,171.22,0.882111,-0.0258934,-0.0297457,-0.253989,0.966403
336,-53.307,169.015,1.23435,-0.0201606,-0.0116455,-0.292106,0.956103
337,-50.0974,166.313,1.3507,-0.0207462,0.000271835,-0.402811,0.915048
338,-47.9117,162.773,1.44741,-0.0196049,0.000279365,-0.571638,0.820272
339,-47.3373,158.781,1.57614,-0.015811,-0.00491296,-0.727365,0.686051
340,-48.6473,154.759,1.7145,-0.00314404,0.000934352,0.876033,-0.482241
341,-51.8589,151.935,1.69896,-0.00569288,-0.000430339,0.974758,-0.223192
342,-55.795,151.18,1.65148,-0.00355209,-0.00301211,0.999669,0.0253006
343,-59.6194,152.238,1.61663,-0.000875321,-0.000104337,0.978496,0.206265
344,-63.3268,154.45,1.57039,-0.0217546,0.00735284,0.957693,0.286875
345,-66.6137,156.855,1.40966,-0.0241439,0.00542039,0.951221,0.307517
346,-70.105,159.5,1.21609,-0.015944,0.00208926,0.951838,0.306181
347,-73.5192,162.028,1.1084,-0.00768939,0.0006027,0.954514,0.298067
348,-77.0968,164.587,1.0275,-0.00851427,0.00320294,0.95693,0.290177
349,-80.6224,167.032,0.953819,-0.0168588,0.00437722,0.957547,0.28775
350,-84.2268,169.521,0.839565,-0.0224184,0.00808765,0.958317,0.284712
351,-87.7487,171.915,0.669844,-0.0187524,0.00768984,0.959083,0.282397
352,-91.2627,174.248,0.492676,-0.0195996,0.00367805,0.959902,0.279625
353,-94.8827,176.63,0.333159,-0.023331,0.00098008,0.961303,0.274504
354,-98.6734,179.073,0.164111,-0.0177056,0.000313449,0.96287,0.269383
355,-102.322,181.383,0.0601198,-0.0205047,0.00538304,0.964193,0.264352
356,-105.858,183.57,-0.0794476,-0.0128462,0.00422276,0.964615,0.263315
357,-109.37,185.772,-0.181717,-0.00856292,0.00426496,0.964511,0.26387
358,-112.915,187.866,-0.27528,-0.0291882,0.0152224,0.97404,0.223971
359,-117.019,189.396,-0.509436,-0.0230295,0.0164466,0.996496,0.0787036
360,-121.459,189.333,-0.664636,-0.0136065,0.0192392,0.992285,-0.12172
361,-125.376,187.628,-0.725567,-0.00718492,0.022272,0.945509,-0.324753
362,-128.157,184.526,-0.687479,0.00671992,-0.0219618,-0.85222,0.522677
363,-129.346,180.498,-0.601128,0.000190777,-0.0194646,-0.71838,0.695379
364,-128.711,176.203,-0.458854,-0.0084251,-0.0239409,-0.555511,0.831122
365,-126.428,172.527,-0.243527,-0.013297,-0.0232091,-0.399387,0.916392
366,-123.226,169.58,0.000817855,-0.00809865,-0.00713178,-0.314836,0.949085
367,-119.858,167.225,0.096836,-0.0163006,-0.00879041,-0.27529,0.961183
368,-116.256,164.961,0.197611,-0.0194381,-0.013871,-0.262709,0.964579
369,-112.516,162.707,0.345609,-0.0189301,-0.00810792,-0.256646,0.966286
370,-109.098,160.643,0.46831,-0.0200775,-0.0113021,-0.261363,0.964966
371,-105.399,158.294,0.660681,-0.0159612,-0.0119003,-0.274107,0.961493
372,-101.878,155.929,0.822679,-0.0169077,-0.0128808,-0.286341,0.957892
373,-98.3238,153.423,0.971314,-0.0143722,-0.0138311,-0.294224,0.955528
374,-94.8744,150.975,1.12058,-0.0138908,-0.00727037,-0.29467,0.955471
375,-91.4276,148.504,1.24503,-0.0113477,-0.00165486,-0.294605,0.95555
376,-87.9461,146.024,1.33869,-0.0137129,-0.00425599,-0.295633,0.955194
377,-84.6043,143.633,1.42912,-0.0172337,-0.00541881,-0.297361,0.954594
378,-81.3566,141.287,1.53481,-0.0166613,-0.00938131,-0.297515,0.954526
379,-77.9604,138.824,1.6826,-0.0133713,-0.0103671,-0.293727,0.955739
380,-74.5745,136.535,1.82985,-0.00945996,-0.00162108,-0.254555,0.967011
381,-70.8748,134.729,1.87137,-0.00667101,-0.000535093,-0.147772,0.988999
382,-66.5007,134.099,1.89217,-0.0118323,-0.00419521,0.0449868,0.998909
383,-62.5825,135.084,1.9216,-0.0115954,-0.00309654,0.231439,0.972775
384,-59.053,137.534,1.91026,-0.0128305,-0.000180069,0.382399,0.923908
385,-56.3237,140.673,1.84639,-0.0111689,0.00154881,0.462655,0.886466
386,-54.0047,144.123,1.79536,-0.0113456,0.0013044,0.48816,0.87268
387,-51.6895,147.69,1.75757,-0.0112815,0.000295926,0.481687,0.876271
388,-49.3599,151.13,1.72847,-0.00994238,-0.00448254,0.474191,0.880354
389,-46.988,154.558,1.73139,-0.0191687,0.0107971,0.473528,0.880504
390,-44.5695,158.014,1.58986,-0.0154687,0.00892243,0.472727,0.881028
391,-42.1186,161.516,1.48657,-0.0137554,0.0081478,0.472067,0.881418
392,-39.6994,164.986,1.39145,-0.0145336,0.00633068,0.473092,0.880871
393,-37.2825,168.472,1.30814,-0.0143977,0.00644814,0.47536,0.87965
394,-34.9028,171.942,1.21149,-0.0144294,0.00817557,0.479364,0.877459
395,-32.5238,175.504,1.11322,-0.0114318,0.00677771,0.483552,0.875215
396,-30.2169,179.056,1.03815,-0.0121272,0.00524627,0.487556,0.872992
397,-27.9411,182.627,0.96278,-0.0128486,0.00181379,0.490458,0.871368
398,-25.709,186.128,0.903897,-0.0195687,0.0146837,0.493602,0.869344
399,-23.5207,189.561,0.737587,-0.0179094,0.0113559,0.486469,0.873441
400,-21.1998,193.069,0.601994,-0.0175432,0.00968886,0.477227,0.878551
401,-18.9003,196.385,0.489779,-0.0189437,0.00905372,0.471185,0.881785
402,-16.5087,199.966,0.379426,-0.0192535,0.00849862,0.507179,0.861584
403,-14.7593,203.872,0.223532,-0.0160626,0.013438,0.615239,0.788063
404,-14.2608,208.25,0.0384576,-0.0148215,0.0137054,0.738297,0.674174
405,-15.1023,212.176,-0.102382,-0.00727427,0.0153321,0.836214,0.548139
406,-17.188,215.665,-0.205721,-0.00076131,0.0171251,0.912771,0.408111
407,-20.3266,218.425,-0.263688,-0.0130931,0.0193685,0.957348,0.287991
408,-24.0358,220.686,-0.374742,-0.0173512,0.0167777,0.969067,0.245613
409,-27.8188,222.833,-0.522767,-0.0121729,0.0115303,0.968116,0.249941
410,-31.5872,225.088,-0.625715,-0.00738355,0.0128502,0.964584,0.26336
411,-35.2925,227.434,-0.715835,-0.00763031,0.0137835,0.962916,0.269341
412,-38.9462,229.779,-0.807831,-0.0150834,0.0162717,0.96202,0.272077
413,-42.4356,232.035,-0.918451,-0.0187824,0.0154485,0.961227,0.274683
414,-45.7774,234.22,-1.07187,-0.0150901,0.0129735,0.960679,0.276947
415,-49.3912,236.607,-1.23205,-0.0173669,0.0110871,0.95993,0.279481
416,-53.0449,239.049,-1.40531,-0.0169128,0.00994989,0.95906,0.282524
417,-56.6105,241.461,-1.55139,-0.0178588,0.00646153,0.957747,0.286987
418,-60.1889,244,-1.69195,-0.0156863,0.011538,0.954645,0.297107
419,-63.4355,246.367,-1.82019,-0.0100313,0.00994468,0.953467,0.301168
420,-66.8701,248.909,-1.93411,-0.00856514,0.0153448,0.95557,0.294239
421,-70.4301,251.161,-2.04432,-0.023148,0.0252783,0.977119,0.209915
422,-74.3696,252.428,-2.22903,-0.0148725,0.0247113,0.997489,0.0646677
423,-78.6094,252.332,-2.31016,-0.00567443,0.0209849,0.993036,-0.11579
424,-82.4554,250.841,-2.29748,-0.00447654,0.0274837,0.955144,-0.294832
425,-85.537,247.662,-2.19129,-0.000298033,-0.0255196,-0.851842,0.523177
426,-86.5704,243.483,-2.03229,-0.00953476,-0.0205927,-0.692218,0.721331
427,-85.6711,239.405,-1.82923,-0.01663,-0.0253216,-0.528548,0.848363
428,-83.2737,235.754,-1.57628,-0.0225143,-0.0236424,-0.40667,0.912992
429,-80.3064,232.88,-1.34531,-0.0194202,-0.00361343,-0.328805,0.944191
430,-76.7605,230.211,-1.23525,-0.0211198,-0.000351489,-0.298783,0.954087
431,-73.3638,227.792,-1.15178,-0.026662,-0.00577914,-0.29285,0.955769
432,-69.859,225.348,-1.04685,-0.0286659,-0.00656508,-0.288168,0.957128
433,-66.2556,222.87,-0.898224,-0.0309001,-0.0146988,-0.283965,0.958224
434,-62.5807,220.396,-0.680511,-0.0242378,-0.00760556,-0.279915,0.959688
435,-58.9948,218.019,-0.523589,-0.0232049,-0.00746227,-0.277057,0.960544
436,-55.4895,215.715,-0.378458,-0.0226982,-0.00899013,-0.274307,0.961332
437,-51.9522,213.422,-0.263877,-0.0225489,-0.00758559,-0.271875,0.962038
438,-48.3987,211.149,-0.139523,-0.0222494,0.000414949,-0.269816,0.962655
439,-44.776,208.841,-0.0504735,-0.0217848,6.67333e-05,-0.268286,0.963093
440,-41.3105,206.677,0.0220221,-0.0248692,-0.00480765,-0.263106,0.964434
441,-37.8478,204.562,0.132776,-0.0252167,-0.0121794,-0.261781,0.964721
442,-34.2801,202.294,0.284907,-0.0225116,-0.0110079,-0.283078,0.95877
443,-31.049,199.906,0.447524,-0.0168644,0.00560973,-0.335124,0.942006
444,-28.1097,196.886,0.490644,-0.0235223,0.00213374,-0.452304,0.891551
445,-26.3025,193.141,0.612015,-0.0212814,-0.00434208,-0.604762,0.796109
446,-26.1592,188.865,0.784106,-0.0170506,-0.00699264,-0.779896,0.625637
447,-28.0983,185.192,0.91156,0.00257674,0.0031428,0.917107,-0.398622
448,-31.7126,182.989,0.939677,-0.0025382,0.00466605,0.989522,-0.144279
449,-36.0124,182.778,0.928385,-0.00417999,0.00414651,0.995873,0.0905657
450,-39.7281,184.295,0.886168,0.00785695,0.00615463,0.967511,0.252629
451,-43.2011,186.631,0.948855,0.0199215,0.00369239,0.954677,0.296954
452,-46.6491,189.217,1.07665,0.0156236,0.011008,0.952824,0.302922
453,-50.0617,191.703,1.17941,0.013164,0.00556604,0.95385,0.299942
454,-53.5515,194.248,1.28197,0.0154318,0.00670847,0.954212,0.298656
455,-56.9684,196.704,1.37625,0.0173246,0.0032207,0.954923,0.29633
456,-60.2836,199.083,1.46296,0.0145778,0.00571861,0.955982,0.293006
457,-63.8894,201.621,1.55126,0.0114278,0.00860132,0.957387,0.288452
458,-67.6373,204.204,1.65068,0.00635445,0.00917681,0.958504,0.284858
459,-71.0337,206.514,1.6805,0.0134766,0.00611949,0.959232,0.28223
460,-74.4882,208.837,1.74373,0.0146924,0.00625983,0.960187,0.278898
461,-77.8854,211.094,1.84154,0.00789458,0.00872151,0.961622,0.274127
462,-81.6846,213.54,1.93866,0.00261165,0.00758163,0.962312,0.271828
463,-85.2212,215.884,2.01037,0.00380159,0.00625609,0.958368,0.285442
464,-88.6375,218.412,2.06086,-0.00259934,0.00754262,0.941031,0.338225
465,-91.5212,221.339,1.95899,-0.0280597,0.00583872,0.901721,0.431366
466,-93.5694,224.803,1.761,-0.0305541,0.00569968,0.82845,0.559198
467,-94.3103,228.977,1.55604,-0.0290101,-0.00136595,0.682994,0.729846
468,-92.9974,232.785,1.41342,-0.0358021,0.00491656,0.472329,0.880681
469,-89.8794,235.453,1.31054,-0.0422061,-0.00207917,0.213941,0.975932
470,-85.7359,236.035,1.34748,-0.0366575,-0.0133865,-0.0606829,0.997394
471,-81.9208,234.621,1.53136,-0.0270139,-0.0160567,-0.247307,0.968427
472,-78.3659,232.101,1.68096,-0.0244346,-0.00773712,-0.321728,0.946485
473,-75.1074,229.372,1.80745,-0.0255631,-0.00817726,-0.337558,0.940922
474,-71.7419,226.461,1.98179,-0.0272595,-0.00301889,-0.340611,0.939804
475,-68.346,223.497,2.14819,-0.0267152,-0.00861874,-0.335862,0.941493
476,-64.8754,220.597,2.34281,-0.0285326,-0.0140294,-0.324864,0.945226
477,-61.3635,217.806,2.53396,-0.0276441,-0.0188234,-0.3123,0.949395
478,-57.8912,215.198,2.74321,-0.0247641,-0.0143175,-0.29978,0.953579
479,-54.2623,212.618,2.93885,-0.0224231,-0.00151604,-0.287753,0.957441
480,-50.8417,210.303,3.05367,-0.0234425,-0.00155971,-0.282236,0.959057
481,-47.5089,208.042,3.15184,-0.0265773,-0.00669374,-0.286509,0.957686
482,-43.9794,205.579,3.26388,-0.0288638,-0.00928924,-0.294328,0.955223
483,-40.5009,203.079,3.42748,-0.0261321,-0.00534626,-0.297192,0.954445
484,-37.0683,200.611,3.58843,-0.0229243,-0.00842119,-0.295604,0.954998
485,-33.6949,198.21,3.7486,-0.0221659,-0.00446919,-0.289458,0.956923
486,-30.2177,195.881,3.82435,-0.0230458,-0.00166541,-0.264855,0.964011
487,-26.6151,193.963,3.89841,-0.0204184,-0.00260335,-0.16454,0.986156
488,-22.4364,193.286,3.9471,-0.0181312,0.00237558,0.0477966,0.99869
489,-18.4526,194.512,3.9013,-0.0195461,0.00144665,0.2864,0.95791
490,-15.5266,197.482,3.82565,-0.020336,0.00554939,0.505617,0.8625
491,-13.9889,201.62,3.67166,-0.023844,0.0150004,0.641775,0.766376
492,-13.6789,206.007,3.45483,-0.0206479,0.015297,0.739466,0.672703
493,-14.4899,210.01,3.26007,-0.0130862,0.016605,0.825499,0.564009
494,-16.3762,213.58,3.12269,-0.00771984,0.0199556,0.897906,0.439666
495,-19.1653,216.524,3.0359,-0.0146113,0.020377,0.94042,0.339089
496,-22.4743,219.046,2.85621,-0.0141972,0.017851,0.956659,0.290313
497,-26.068,221.408,2.68203,-0.0112349,0.0133552,0.963525,0.267049
498,-29.4766,223.498,2.58433,-0.0119581,0.0129941,0.966489,0.2561
499,-33.3851,225.798,2.47974,-0.0130388,0.0145363,0.967904,0.250557
500,-37.0182,227.897,2.3586,-0.0083528,0.0153465,0.968883,0.246904
501,-40.6405,229.97,2.24633,-0.00833862,0.0147569,0.968821,0.247184
502,-44.5246,232.198,2.12825,-0.0184905,0.0166721,0.968413,0.248104
503,-48.2813,234.374,1.9645,-0.0265162,0.0172983,0.967623,0.250405
504,-51.9899,236.541,1.75459,-0.0217549,0.0136814,0.966932,0.253734
505,-55.481,238.624,1.57513,-0.0157649,0.0122803,0.966146,0.257217
506,-59.38,240.978,1.40589,-0.00864916,0.0100913,0.965483,0.260125
507,-63.0748,243.259,1.30656,-0.0146443,0.0145629,0.964911,0.261764
508,-66.6992,245.514,1.19282,-0.0108734,0.0169251,0.965121,0.261033
509,-70.3302,247.65,1.10985,-0.018349,0.0214833,0.971772,0.234224
510,-74.0542,249.366,0.919784,-0.0175593,0.0255075,0.987536,0.154317
511,-78.1447,250.281,0.767374,-0.010011,0.0274276,0.999082,0.0313519
512,-82.2995,250.025,0.708991,-0.00729865,0.030273,0.990856,-0.131281
513,-86.2817,248.341,0.722475,-0.00606459,0.0289523,0.955201,-0.294479
514,-89.5606,245.457,0.778501,0.000626167,0.026668,0.905876,-0.422702
515,-92.1795,241.821,0.911995,0.00571737,0.0254389,0.867282,-0.497134
516,-94.4174,237.952,1.09042,-0.00681845,-0.0283054,-0.857636,0.513431
517,-96.5733,234.154,1.28736,-0.00289557,-0.0213865,-0.860417,0.509133
518,-98.8878,230.242,1.37884,0.00241786,-0.0218011,-0.865349,0.500688
519,-101.003,226.829,1.45361,-0.00121587,0.0237775,0.870449,-0.491683
520,-103.248,223.349,1.55358,-0.00260879,0.0239878,0.874276,-0.484828
521,-105.518,219.935,1.63889,0.000694868,0.0223372,0.878299,-0.477589
522,-107.848,216.565,1.75705,-0.00340627,0.0192573,0.880822,-0.473043
523,-110.286,213.094,1.82485,-0.000750098,0.0224789,0.882277,-0.470194
524,-112.713,209.668,1.92146,-3.0674e-05,0.0232237,0.88275,-0.469269
525,-115.092,206.326,2.03622,-0.000473629,0.0233469,0.882093,-0.470496
526,-117.63,202.676,2.16095,-0.000985505,0.0184888,0.880702,-0.473311
527,-120.064,199.169,2.21391,-0.00653759,0.0155207,0.879392,-0.475801
528,-122.459,195.631,2.24478,-0.00557481,0.0176075,0.875451,-0.482954
529,-124.761,192.019,2.29576,0.00354862,-0.0183762,-0.865448,0.50065
530,-126.86,188.435,2.36417,-0.000793727,-0.0205089,-0.852396,0.522494
531,-128.585,184.635,2.46724,0.00390986,-0.021419,-0.803917,0.594344
532,-129.387,180.508,2.58084,-0.00357834,-0.019114,-0.717035,0.696766
533,-129.026,176.375,2.73727,-0.00499788,-0.0232324,-0.598265,0.800946
534,-127.205,172.477,2.95187,-0.00862234,-0.0240536,-0.448119,0.893609
535,-124.145,169.36,3.19405,-0.0111138,-0.0121608,-0.319521,0.947436
536,-120.315,166.793,3.33429,-0.0199581,-0.0115304,-0.262679,0.964608
537,-116.807,164.693,3.45591,-0.0207716,-0.0131091,-0.251839,0.967457
538,-113.206,162.614,3.59478,-0.0205812,-0.00486391,-0.249365,0.968179
539,-109.511,160.484,3.70917,-0.0226195,-0.0124531,-0.248809,0.968208
540,-105.817,158.341,3.89361,-0.0211546,-0.0145545,-0.249983,0.96791
541,-102.204,156.227,4.05456,-0.0207158,-0.0191153,-0.251684,0.967399
542,-98.5715,154.083,4.23763,-0.0202117,-0.0181336,-0.255521,0.966422
543,-95.0154,151.932,4.43247,-0.0124412,-0.00413641,-0.260332,0.96543
544,-91.4324,149.721,4.5291,-0.0134756,-0.00490237,-0.264842,0.964185
545,-87.8421,147.467,4.62274,-0.0177002,-0.00941494,-0.269674,0.962743
546,-84.2532,145.154,4.7266,-0.0181798,-0.00938131,-0.275176,0.961176
547,-80.8751,142.914,4.85495,-0.0199337,-0.0120637,-0.281428,0.9593
548,-77.2285,140.413,5.044,-0.0124102,-0.00885369,-0.281247,0.959514
549,-73.7707,138.241,5.1963,-0.00951858,-0.00926337,-0.235314,0.971829
550,-69.9565,136.549,5.28058,-0.00951425,-0.00211115,-0.142046,0.989812
551,-65.5757,135.812,5.32395,-0.0137351,-0.00474793,0.0198988,0.999696
552,-61.4409,136.666,5.37359,-0.0150857,-0.00218227,0.224325,0.974395
553,-58.0381,139.393,5.33647,-0.0112557,0.000141281,0.472984,0.880999
554,-56.5904,143.22,5.27103,-0.0169152,0.00500819,0.677555,0.735261
555,-57.1172,147.25,5.14336,-0.00823198,0.00778896,0.834928,0.550242
556,-59.4632,150.686,5.04816,-0.00316063,0.00946084,0.932081,0.362114
557,-63.0316,153.283,4.98706,-0.0234065,0.0133133,0.965714,0.258208
558,-66.7528,155.367,4.79909,-0.0235259,0.00999913,0.970817,0.238455
559,-70.2841,157.338,4.60207,-0.0142033,0.00529344,0.969336,0.245272
560,-73.8241,159.39,4.48104,-0.0112035,0.0064441,0.967323,0.253217
561,-77.4091,161.551,4.39962,-0.0168932,0.0073982,0.964636,0.262938
562,-81.0707,163.868,4.28498,-0.0167538,0.00916538,0.961759,0.273231
563,-84.6487,166.236,4.14551,-0.012268,0.00989687,0.960042,0.279415
564,-88.2758,168.656,3.97229,-0.0155365,0.00879483,0.95996,0.27957
565,-91.9996,171.128,3.79401,-0.0227681,0.00806945,0.960748,0.276369
566,-95.6455,173.495,3.61466,-0.0273904,0.00814362,0.961974,0.271644
567,-99.287,175.802,3.40975,-0.0204152,0.00476247,0.964024,0.26499
568,-102.773,177.951,3.26171,-0.00919618,0.00263861,0.966021,0.258285
569,-106.5,180.189,3.15236,-0.0128446,0.00436221,0.965227,0.261061
570,-109.965,182.417,3.06452,-0.013349,0.00660919,0.957981,0.286446
571,-113.116,184.842,2.97257,-0.029758,0.00874976,0.935215,0.35272
572,-115.917,188.068,2.72461,-0.0318277,0.000526521,0.879622,0.474606
573,-117.614,192.054,2.49774,-0.0280462,-0.00402732,0.790119,0.612298
574,-117.974,196.045,2.36242,-0.0290781,-0.00504979,0.688646,0.724496
575,-117.099,199.99,2.27185,-0.0308799,-0.000139224,0.573172,0.818853
576,-115.133,203.71,2.14367,-0.0329233,-0.00130842,0.486304,0.873168
577,-112.586,207.302,2.03575,-0.0322768,-9.05937e-05,0.461099,0.886761
578,-110.195,210.557,1.94067,-0.0313784,-0.00107744,0.462036,0.886305
579,-107.814,213.801,1.85589,-0.0269286,-0.00149995,0.46499,0.884905
580,-105.256,217.396,1.75859,-0.0294173,-0.00043565,0.468265,0.883098
581,-102.941,220.654,1.67564,-0.0281274,-0.0015853,0.471068,0.881647
582,-100.468,224.237,1.58387,-0.0287333,-0.00139981,0.476871,0.878502
583,-98.04,227.847,1.50691,-0.0296376,-0.00256973,0.476611,0.878611
584,-95.6655,231.091,1.45019,-0.0362577,-9.46762e-05,0.42566,0.904156
585,-92.6193,233.77,1.37191,-0.0357766,0.00308975,0.285202,0.957794
586,-88.9394,235.321,1.32904,-0.0389744,-0.00531486,0.114606,0.992632
587,-84.863,235.485,1.40479,-0.0358085,-0.0143749,-0.062557,0.997295
588,-80.9569,234.278,1.58572,-0.0264967,-0.00697094,-0.20275,0.978847
589,-77.0795,231.999,1.70505,-0.0230972,-0.00434502,-0.291951,0.956144
590,-73.7777,229.551,1.79038,-0.0275385,-0.0100892,-0.307899,0.950967
591,-70.6318,227.173,1.94501,-0.0284233,-0.0018757,-0.307269,0.951196
592,-67.1632,224.574,2.08534,-0.0301324,-0.0083631,-0.304184,0.9521
593,-63.5747,221.929,2.28373,-0.0272386,-0.0122678,-0.299447,0.953645
594,-60.1374,219.438,2.46135,-0.0281448,-0.0181952,-0.294947,0.954926
595,-56.642,216.962,2.66665,-0.0240746,-0.01529,-0.290724,0.956382
596,-53.2132,214.58,2.84658,-0.0202233,-0.00235297,-0.286353,0.957908
597,-49.7749,212.218,2.9621,-0.0199688,-0.00331003,-0.285869,0.958055
598,-46.4199,209.903,3.05909,-0.0231024,-0.00749219,-0.287915,0.957348
599,-42.7577,207.359,3.18146,-0.023795,-0.00808713,-0.288023,0.957294
600,-39.2526,204.947,3.31992,-0.025568,-0.00851835,-0.287781,0.957317
601,-35.9311,202.639,3.49203,-0.025678,-0.00836185,-0.298303,0.954089
602,-32.5546,199.975,3.67403,-0.0223001,-0.00492197,-0.351071,0.93607
603,-29.7121,196.836,3.78733,-0.0260129,-0.0014894,-0.465258,0.884791
604,-27.931,192.95,3.94247,-0.0244128,-0.00530577,-0.604325,0.796346
605,-27.5403,188.685,4.14151,-0.0177105,-0.00935363,-0.731343,0.681715
606,-28.6107,184.451,4.2848,-0.0066625,-0.006218,-0.824161,0.566282
607,-30.4722,180.863,4.36854,-0.0049327,-0.00871875,-0.86443,0.502653
608,-32.7002,177.309,4.45668,0.00541666,0.00973178,0.873172,-0.487285
609,-35.1236,173.7,4.55361,0.00441356,0.0126873,0.879402,-0.475889
610,-37.6461,170.055,4.66647,0.0038609,0.0107532,0.881505,-0.472037
611,-40.1786,166.452,4.76287,0.00615484,0.0121819,0.882204,-0.47067
612,-42.7408,162.813,4.87439,0.00656701,0.0124444,0.881708,-0.471585
613,-45.1739,159.324,4.9873,0.00579316,0.0138538,0.880876,-0.473107
614,-47.545,155.92,5.12015,-0.000656127,0.0109831,0.879262,-0.476213
615,-49.984,152.344,5.16139,-0.00235419,0.0100459,0.878646,-0.477362
616,-52.3818,148.818,5.19903,-0.00153571,0.0100582,0.878076,-0.478412
617,-54.7905,145.335,5.24642,-0.00163125,0.010719,0.885069,-0.465332
618,-57.3666,142.077,5.29446,-0.00152748,0.00831294,0.911438,-0.411351
619,-60.5007,139.334,5.31383,-0.00369001,0.00600736,0.955692,-0.294286
620,-64.3116,137.591,5.29261,-0.00216018,0.00348767,0.989951,-0.14135
621,-68.4364,137.14,5.26802,-0.00292175,0.000265466,0.999737,0.0227681
622,-72.7488,138.148,5.23514,-0.0218929,0.00614366,0.984043,0.176475
623,-76.3387,140.026,5.06749,-0.0167342,0.0106919,0.964396,0.263716
624,-79.8822,142.401,4.88575,-0.0140823,0.0123312,0.958237,0.285361
625,-83.6269,144.994,4.74163,-0.0103601,0.0105643,0.957738,0.287262
626,-87.2957,147.536,4.64248,-0.0166921,0.0105336,0.957487,0.2878
627,-90.545,149.784,4.53085,-0.014243,0.00720363,0.957958,0.286464
628,-93.8263,152.052,4.42487,-0.012639,0.00701558,0.958397,0.285072
629,-97.4383,154.511,4.2637,-0.019598,0.0139987,0.95924,0.281563
630,-100.757,156.744,4.10721,-0.0245105,0.0153847,0.959824,0.279107
631,-104.405,159.171,3.90994,-0.0253385,0.0193467,0.9609,0.275056
632,-108.019,161.523,3.69275,-0.0162672,0.0158086,0.962171,0.271498
633,-111.534,163.767,3.55437,-0.00907296,0.0121802,0.963335,0.26787
634,-114.944,165.907,3.46284,-0.016237,0.011868,0.964804,0.262198
635,-118.633,168.134,3.3385,-0.0186741,0.00636575,0.964147,0.264636
636,-121.938,170.402,3.21864,-0.0259908,0.00666829,0.943984,0.328898
637,-124.731,173.484,2.99675,-0.0303179,0.00465829,0.879181,0.4755
638,-126.349,177.532,2.76917,-0.029471,-0.000179461,0.776416,0.629532
639,-126.362,181.879,2.61566,-0.0286037,-0.00310171,0.645494,0.763224
640,-125.049,185.727,2.51218,-0.0288473,-0.00457861,0.540642,0.840745
641,-122.782,189.507,2.43618,-0.0245325,-0.00425718,0.478446,0.877764
642,-120.511,192.815,2.3869,-0.0248316,-0.00647658,0.480486,0.876627
643,-118.285,196.2,2.35766,-0.024518,-0.00489092,0.490508,0.871078
644,-116.183,199.612,2.31865,-0.030302,0.00113994,0.498831,0.866168
645,-114.083,202.964,2.2034,-0.0282088,0.00217496,0.491385,0.870483
646,-111.904,206.337,2.09759,-0.0280718,0.00293905,0.485277,0.873905
647,-109.598,209.803,1.98946,-0.0271644,0.00110637,0.481258,0.876157
648,-107.32,213.197,1.8951,-0.0257491,-0.000312095,0.480565,0.876581
649,-104.986,216.694,1.80717,-0.0274371,0.00236464,0.48077,0.876414
650,-102.644,220.196,1.70543,-0.0272538,-0.000430336,0.481675,0.875926
651,-100.335,223.671,1.61623,-0.027362,0.000150196,0.483516,0.874908
652,-98.0609,227.124,1.53315,-0.0273604,-0.00159624,0.484997,0.874086
653,-95.888,230.454,1.45972,-0.0277121,-0.00143074,0.486517,0.87323
654,-93.6786,233.856,1.34207,-0.0322506,0.00586247,0.488073,0.872187
655,-91.5097,237.216,1.19973,-0.0336029,0.00675976,0.488273,0.872017
656,-89.0545,240.934,1.04631,-0.03276,0.00442265,0.478171,0.877645
657,-86.5485,244.444,0.912121,-0.0321008,0.00369439,0.452466,0.891196
658,-83.7926,247.617,0.818655,-0.035905,0.00192605,0.372998,0.927135
659,-80.1879,249.936,0.766929,-0.0356955,-0.0024759,0.186644,0.981776
660,-76.0638,250.502,0.810884,-0.0347806,-0.0112334,-0.0436618,0.998378
661,-71.9239,249.23,0.98093,-0.0272387,-0.0124378,-0.209651,0.977318
662,-68.241,247.192,1.11366,-0.0213515,-0.00632967,-0.251443,0.967616
663,-64.8336,245.128,1.21039,-0.0193573,-0.00898353,-0.257928,0.965928
664,-61.2184,242.893,1.36232,-0.0138723,-0.00396294,-0.26306,0.964672
665,-57.4974,240.559,1.46548,-0.0160171,-0.0119988,-0.266456,0.963639
666,-53.8886,238.273,1.62787,-0.0195688,-0.0153482,-0.269115,0.962787
667,-50.2264,235.929,1.80946,-0.0218515,-0.0194189,-0.271706,0.961936
668,-46.3787,233.439,2.03748,-0.0195134,-0.010392,-0.27261,0.961871
669,-42.6525,231.034,2.21354,-0.0189999,-0.00216055,-0.273838,0.961586
670,-39.1628,228.773,2.32148,-0.0197865,-0.00446419,-0.273233,0.961734
671,-35.6947,226.526,2.42075,-0.0199377,-0.00790035,-0.273301,0.96169
672,-32.287,224.314,2.53048,-0.017264,-0.00482674,-0.274682,0.961368
673,-28.9472,222.135,2.63717,-0.018278,-0.00498258,-0.274281,0.961463
674,-25.4599,219.891,2.77435,-0.0216276,-0.0108514,-0.270903,0.962302
675,-21.7769,217.493,2.9537,-0.0254868,-0.00919546,-0.292003,0.956034
676,-18.4169,214.818,3.08685,-0.0220726,-0.00133956,-0.363902,0.931175
677,-15.8197,211.434,3.20362,-0.0213155,-0.00640795,-0.521427,0.853006
678,-14.8485,207.481,3.36305,-0.0189276,-0.0140249,-0.69572,0.717927
679,-15.6145,203.48,3.55051,-0.0119317,-0.0151615,-0.824279,0.565854
680,-17.6835,199.923,3.69156,0.00607961,0.0132015,0.901058,-0.433455
681,-20.9237,197.277,3.77429,0.000703662,0.0159012,0.970307,-0.241356
682,-25.0866,196.155,3.78395,0.00259046,0.0118818,0.999385,-0.0328775
683,-29.2625,196.611,3.78532,0.000554636,0.00938748,0.99321,0.115956
684,-32.9908,198.027,3.77621,-0.0180649,0.0168226,0.975637,0.217996
685,-36.6066,200.2,3.60878,-0.0170416,0.0198567,0.958892,0.282562
686,-40.2524,202.815,3.40756,-0.00667067,0.0210077,0.953702,0.299947
687,-43.4472,205.173,3.28697,-0.00871091,0.0203922,0.952626,0.303335
688,-46.6616,207.574,3.19954,-0.015535,0.0219589,0.952473,0.303431
689,-50.2679,210.241,3.0616,-0.0143657,0.0208738,0.953445,0.300502
690,-53.8876,212.871,2.90433,-0.0106953,0.017035,0.954486,0.297576
691,-57.4767,215.452,2.73253,-0.0131567,0.0191722,0.955497,0.294081
692,-61.0772,218.005,2.55235,-0.0168268,0.0231179,0.956575,0.290078
693,-64.6937,220.52,2.37828,-0.0212895,0.0264944,0.957749,0.28559
694,-68.315,222.997,2.17614,-0.0152631,0.0250248,0.959013,0.28184
695,-71.8171,225.336,2.03188,-0.0111084,0.0222683,0.960787,0.276171
696,-75.6258,227.722,1.88046,-0.00525896,0.0205908,0.967131,0.25339
697,-79.3163,229.755,1.79061,-0.00810893,0.0188736,0.976928,0.212579
698,-83.1568,231.319,1.69721,-0.0190746,0.0259852,0.990112,0.13652
699,-87.1152,232.199,1.54953,-0.0118826,0.0301827,0.998425,0.0457867
700,-91.5604,232.221,1.46856,-0.00579568,0.031281,0.995928,-0.0843601
701,-95.7289,231.012,1.46218,-0.0131303,0.0223304,0.973234,-0.228353
702,-99.2687,228.812,1.44184,-0.00982708,0.0232025,0.939778,-0.340856
703,-102.438,225.844,1.47354,-0.00417086,0.0227907,0.914141,-0.404734
704,-105.306,222.543,1.53941,0.000812514,0.0189607,0.898129,-0.439323
705,-107.801,219.36,1.62823,0.00147435,0.0225328,0.888527,-0.458268
706,-110.438,215.667,1.73016,0.00064943,0.0174941,0.879451,-0.475668
707,-112.831,212.015,1.83061,0.00274102,0.0161165,0.870627,-0.491672
708,-115.118,208.316,1.94312,-0.00256765,-0.0187552,-0.864721,0.501896
709,-117.218,204.746,2.06219,-0.0073575,-0.0214204,-0.859241,0.511069
710,-119.265,201.063,2.20359,0.00774282,-0.0148206,-0.853083,0.521505
711,-121.202,197.297,2.23316,0.00461802,-0.0176002,-0.843106,0.537441
712,-122.974,193.502,2.29939,0.00415047,-0.0206956,-0.829968,0.557412
713,-124.569,189.622,2.38666,0.00236872,-0.021863,-0.815469,0.578382
714,-125.886,185.629,2.49761,0.000452631,-0.0227894,-0.782334,0.622441
715,-126.489,181.552,2.6296,0.00238327,-0.0220209,-0.69961,0.714182
716,-125.853,177.452,2.78197,-0.00614274,-0.0262929,-0.575463,0.817382
717,-123.962,173.72,3.00447,-0.0109399,-0.0269663,-0.449884,0.892613
718,-121.027,170.504,3.22635,-0.00779062,-0.00939938,-0.348961,0.937058
719,-117.839,167.992,3.35075,-0.0131509,-0.00648845,-0.291475,0.956466
720,-114.285,165.69,3.46517,-0.0186141,-0.00803458,-0.262485,0.964723
721,-110.653,163.52,3.57086,-0.020324,-0.00780665,-0.254494,0.966829
722,-106.949,161.354,3.71563,-0.0234975,-0.0157926,-0.248766,0.96815
723,-103.313,159.272,3.92017,-0.0192737,-0.0115975,-0.244712,0.969335
724,-99.7342,157.25,4.098,-0.016844,-0.0133654,-0.240147,0.970498
725,-95.8787,155.139,4.28471,-0.0161227,-0.0169195,-0.235174,0.971672
726,-91.9339,153.042,4.42703,-0.0137439,-0.00970056,-0.230008,0.973043
727,-88.4679,151.197,4.54253,-0.0134965,-0.00210504,-0.235517,0.971774
728,-84.8988,149.246,4.63423,-0.0149433,-0.000912929,-0.24189,0.970188
729,-81.3068,147.218,4.70304,-0.0180015,-0.0072247,-0.248374,0.96847
730,-77.8524,145.202,4.82153,-0.0187206,-0.0180489,-0.251944,0.967392
731,-74.4167,143.171,5.0155,-0.0164628,-0.0123007,-0.253009,0.967246
732,-70.7257,141.061,5.2123,-0.0102039,0.00138484,-0.229159,0.973334
733,-66.8783,139.334,5.23395,-0.00833454,-0.00348382,-0.146078,0.989232
734,-62.6576,138.575,5.28824,-0.0104673,-0.00744416,0.0092852,0.999874
735,-58.5551,139.207,5.32807,-0.00983407,-0.00485526,0.180231,0.983563
736,-54.9577,141.141,5.34659,-0.0126076,0.00370218,0.336084,0.94174
737,-52.0349,144.143,5.30402,-0.0151724,0.00257299,0.458493,0.888565
738,-49.8983,147.843,5.24602,-0.0131642,0.00322046,0.556975,0.830419
739,-48.5546,151.648,5.18796,-0.0158427,-0.00370023,0.599233,0.80041
740,-47.3037,155.526,5.12915,-0.0221719,0.0104865,0.584204,0.811236
741,-45.8118,159.289,4.97907,-0.0225178,0.00518364,0.54131,0.840505
742,-43.7038,163.013,4.8624,-0.0229063,0.00464658,0.486423,0.873411
743,-41.2838,166.459,4.75392,-0.0215995,0.00424457,0.454409,0.890521
744,-38.6812,169.723,4.6631,-0.0223031,0.00437853,0.436865,0.89924
745,-35.9496,172.986,4.57268,-0.0194546,0.00535218,0.431046,0.902105
746,-33.2255,176.173,4.48606,-0.0160229,0.00472851,0.429111,0.903097
747,-30.657,179.199,4.41732,-0.0133319,0.00736724,0.444257,0.89577
748,-28.2524,182.572,4.33003,-0.0127098,0.00261644,0.513559,0.857956
749,-26.7788,186.612,4.24551,-0.0181863,0.01827,0.665986,0.745519
750,-26.993,190.727,4.03801,-0.0117851,0.0211215,0.798283,0.601797
751,-28.8306,194.639,3.87039,-0.00662779,0.0208633,0.893225,0.449077
752,-31.9108,197.937,3.775,-0.0151023,0.0200442,0.938474,0.344437
753,-35.2838,200.683,3.59005,-0.0154785,0.0199257,0.948967,0.314365
754,-38.5112,203.143,3.40621,-0.0099854,0.0201316,0.952339,0.304213
755,-41.935,205.654,3.27851,-0.0133152,0.020746,0.955114,0.29521
756,-45.4314,208.151,3.1677,-0.0148184,0.0210312,0.956073,0.291997
757,-48.9188,210.593,3.03142,-0.0109024,0.0172148,0.956836,0.289915
758,-52.4197,213.031,2.89259,-0.00719984,0.0165808,0.957791,0.286896
759,-55.8538,215.382,2.78423,-0.0204308,0.0194071,0.958064,0.285163
760,-59.1805,217.698,2.61607,-0.024681,0.0236645,0.957267,0.287176
761,-62.7289,220.177,2.40235,-0.0190817,0.0236696,0.955806,0.292423
762,-66.1951,222.671,2.19436,-0.0132429,0.0225363,0.953651,0.299777
763,-69.6161,225.22,2.02398,-0.00911911,0.0224007,0.951308,0.30729
764,-73.0146,227.81,1.90169,-0.0149899,0.0214392,0.949612,0.312336
765,-76.2694,230.334,1.77389,-0.0120905,0.016196,0.949086,0.314368
766,-79.4711,232.805,1.66794,-0.0152005,0.0194763,0.954895,0.295915
767,-82.9691,234.947,1.49316,-0.0209174,0.0265104,0.980799,0.192073
768,-87.1546,235.946,1.32221,-0.0109719,0.0303044,0.999476,0.00287845
769,-91.2526,235.352,1.29089,-0.00344528,0.0306769,0.981259,-0.190207
770,-94.8203,233.14,1.36771,-0.0033895,0.0260565,0.915781,-0.400819
771,-97.0822,229.52,1.46717,0.00171176,-0.0250952,-0.797409,0.602915
772,-97.3699,225.242,1.62165,-0.00427998,-0.0231053,-0.626011,0.779461
773,-95.629,221.335,1.82669,-0.0120282,-0.0240501,-0.441651,0.896784
774,-92.5885,218.31,2.09392,-0.0150404,-0.00209258,-0.329,0.944208
775,-89.1893,215.746,2.12849,-0.0139609,0.00957839,-0.295219,0.95528
776,-85.7486,213.347,2.0804,-0.0140492,0.0146309,-0.286008,0.958013
777,-82.1944,210.921,2.02677,-0.0112787,0.0214668,-0.281814,0.959163
778,-78.5971,208.498,1.94252,-0.01261,0.0184371,-0.282214,0.959091
779,-74.9896,206.045,1.87211,-0.0152187,0.0143278,-0.284643,0.958406
780,-71.442,203.619,1.80103,-0.0151269,0.0131588,-0.284956,0.958331
781,-67.8708,201.18,1.73848,-0.012213,0.0202203,-0.284969,0.958246
782,-64.3016,198.761,1.66517,-0.0143223,0.0241784,-0.284252,0.958338
783,-60.8372,196.394,1.55562,-0.0105383,0.0210308,-0.283915,0.958561
784,-57.4296,194.089,1.43774,-0.0111615,0.0153716,-0.280431,0.959686
785,-53.8195,191.695,1.33946,-0.0116885,0.0208648,-0.276274,0.960781
786,-50.3595,189.452,1.22171,-0.0110166,0.0217452,-0.270239,0.962485
787,-46.8726,187.25,1.13716,-0.00620167,0.0226025,-0.268605,0.962965
788,-43.2053,184.88,0.984432,-0.00833061,0.0201196,-0.280264,0.959676
789,-39.9729,182.388,0.92706,-0.0175165,-0.000468782,-0.369464,0.92908
790,-37.4674,179.085,1.0049,-0.0163835,-0.000578162,-0.525756,0.850477
791,-36.4834,174.993,1.10244,-0.0152325,-0.00515329,-0.707495,0.706536
792,-37.5751,170.95,1.23165,0.00681107,0.00237379,0.867458,-0.497458
793,-40.4883,168.142,1.29585,0.000500393,0.00670832,0.968222,-0.250003
794,-44.6637,167.196,1.30382,-4.87714e-05,0.00652905,0.999697,0.0237337
795,-48.505,168.234,1.28834,0.000578477,0.00503299,0.977143,0.212521
796,-52.0074,170.342,1.25791,-0.0448246,0.0204968,0.958791,0.279805
797,-55.3541,172.61,0.90262,-0.0380778,0.016585,0.95794,0.283948
798,-58.9715,175.062,0.567889,-0.0373569,0.0161536,0.958984,0.280522
799,-62.5773,177.444,0.216054,-0.0360913,0.0174892,0.960259,0.276214
800,-66.1624,179.792,-0.104846,-0.0405411,0.0188804,0.960125,0.275972
801,-69.7403,182.136,-0.434689,-0.0433174,0.0188481,0.960183,0.27535
802,-73.2883,184.454,-0.779744,-0.0403261,0.0174766,0.96026,0.275623
803,-76.8046,186.761,-1.13517,-0.0376257,0.0175709,0.960866,0.273884
804,-80.4164,189.105,-1.48169,-0.0427023,0.0204853,0.960671,0.273621
805,-83.9756,191.402,-1.8467,-0.0421737,0.0190326,0.961041,0.272506
806,-87.5122,193.677,-2.18661,-0.0462222,0.018729,0.961467,0.270358
807,-91.0665,195.943,-2.58142,-0.0397402,0.0194179,0.962159,0.268875
808,-94.5634,198.143,-2.94331,-0.0395555,0.0189871,0.962604,0.267333
809,-98.0405,200.36,-3.29792,-0.0461553,0.020306,0.958686,0.279962
810,-101.316,202.729,-3.67238,-0.0330678,0.0116653,0.940493,0.337999
811,-104.088,205.797,-3.94058,-0.0309302,0.00850931,0.87955,0.474724
812,-105.585,209.834,-4.17767,-0.0280017,0.00203106,0.748766,0.66224
813,-105.074,213.927,-4.32463,-0.0313709,-0.00218181,0.561443,0.826917
814,-102.561,217.179,-4.39875,-0.0326043,-0.00378063,0.310754,0.949923
815,-98.6502,218.6,-4.37515,-0.031937,-0.0126005,0.0386946,0.998661
816,-94.6414,218.02,-4.214,-0.0270246,-0.0173446,-0.162793,0.986138
817,-90.7859,215.995,-4.06341,-0.0130821,0.0159642,-0.276257,0.960862
818,-87.1648,213.474,-4.12637,-0.0116323,0.015535,-0.293459,0.955775
819,-83.78,211.079,-4.17917,-0.0105245,0.0125691,-0.287348,0.957686
820,-80.1623,208.622,-4.22257,-0.0122134,0.0139214,-0.279949,0.959836
821,-76.8225,206.428,-4.27198,-0.0137811,0.0175388,-0.274001,0.961471
822,-73.405,204.209,-4.35744,-0.0104609,0.0157413,-0.270477,0.962541
823,-69.8501,201.95,-4.43919,-0.0112254,0.0135423,-0.268234,0.963193
824,-66.2541,199.685,-4.50718,-0.0110082,0.0158263,-0.267162,0.963459
825,-62.5248,197.327,-4.58459,-0.00828808,0.0190612,-0.267649,0.963292
826,-58.9736,195.076,-4.69319,-0.0086034,0.018134,-0.268632,0.963034
827,-55.5311,192.876,-4.77527,-0.00911427,0.0183236,-0.271102,0.962333
828,-51.975,190.571,-4.8775,-0.00889661,0.0201224,-0.274143,0.961437
829,-48.5847,188.339,-4.96558,-0.0101277,0.0219357,-0.276496,0.960711
830,-45.2256,186.125,-5.08423,-0.0104249,0.0288431,-0.278788,0.959863
831,-41.827,183.838,-5.25756,-0.00724766,0.0215201,-0.279177,0.959971
832,-38.4523,181.587,-5.3864,-0.00689003,0.0121717,-0.277553,0.960609
833,-34.9217,179.27,-5.42822,-0.0104422,-0.00142189,-0.271427,0.962401
834,-31.4478,177.069,-5.35786,-0.015036,-0.00489964,-0.26735,0.96347
835,-27.9603,174.889,-5.25436,-0.0212698,-0.0195075,-0.264459,0.963965
836,-24.5483,172.801,-5.01712,-0.0199065,0.00692035,-0.260971,0.965117
837,-20.9975,170.481,-5.01423,-0.00891788,0.00690964,-0.343173,0.939204
838,-18.8852,167.021,-4.93739,-0.0102316,-0.0285629,-0.646367,0.762423
839,-19.5513,162.831,-4.75862,-0.00461971,-0.0306798,-0.831955,0.553977
840,-21.7427,159.332,-4.63153,-0.00188454,0.030655,0.887701,-0.459394
841,-24.3294,155.894,-4.53315,-0.00352175,0.0305646,0.887872,-0.459061
842,-26.8071,152.546,-4.44147,-0.00475033,0.030627,0.884112,-0.466247
843,-29.4354,148.801,-4.34857,-0.0040658,0.0324583,0.878137,-0.477291
844,-31.9714,144.948,-4.23177,-0.00210105,0.0298927,0.871455,-0.489558
845,-34.1162,141.554,-4.12397,-0.00183212,0.0314975,0.866154,-0.49878
846,-36.354,137.831,-4.00205,0.00518769,-0.0333187,-0.860868,0.507707
847,-38.3899,134.347,-3.89591,0.00396046,-0.0350733,-0.858486,0.51162
848,-40.4332,130.825,-3.757,-0.00195714,-0.0404628,-0.858362,0.511444
849,-42.6592,126.931,-3.54294,-0.00870422,-0.0343627,-0.861783,0.506039
850,-44.9119,123.208,-3.32561,0.0152715,0.0327098,0.869127,-0.49327
851,-47.0655,119.773,-3.06995,0.0120928,0.0266784,0.868979,-0.493981
852,-49.1881,116.307,-2.83886,0.015187,0.0234956,0.867474,-0.496695
853,-51.5601,112.704,-2.61449,0.0104359,0.021709,0.891608,-0.452167
854,-54.3564,109.751,-2.45108,0.00656286,0.017701,0.949471,-0.313285
855,-58.3181,108.382,-2.41104,0.0104111,0.0185261,0.999773,-0.00154242
856,-62.4284,109.715,-2.37926,0.00314632,0.0235684,0.967333,0.252391
857,-65.8404,112.123,-2.42597,5.8816e-05,0.0293842,0.951045,0.307653
858,-69.1596,114.632,-2.49654,0.000314986,0.0298255,0.953011,0.301463
859,-72.6772,117.142,-2.56872,0.00026865,0.0299622,0.957015,0.288488
860,-76.0305,119.44,-2.63789,-0.0055482,0.0301857,0.959218,0.280996
861,-79.5865,121.823,-2.75316,-0.00565779,0.0319137,0.960314,0.27703
862,-83.1637,124.179,-2.87033,-0.00562405,0.0320867,0.961087,0.274316
863,-86.7789,126.534,-2.97945,-0.00831289,0.0324855,0.961458,0.2729
864,-90.5297,128.956,-3.12718,-0.00858616,0.0300476,0.961644,0.272516
865,-94.3203,131.407,-3.26696,-0.00938418,0.0278254,0.96194,0.271678
866,-98.2404,133.913,-3.41213,-0.0113961,0.0265105,0.961925,0.271785
867,-101.611,136.079,-3.55018,-0.0119402,0.0242833,0.961923,0.271978
868,-105.052,138.282,-3.68126,-0.015773,0.0219421,0.961972,0.271805
869,-108.44,140.466,-3.83981,-0.015762,0.0212896,0.961933,0.271997
870,-111.928,142.724,-4.00237,-0.0170396,0.0230272,0.961776,0.272335
871,-115.315,144.928,-4.17884,-0.017083,0.022799,0.961672,0.272719
872,-118.851,147.222,-4.35035,-0.0188933,0.0237771,0.961851,0.271883
873,-122.279,149.421,-4.53127,-0.0196928,0.0229461,0.962181,0.27073
874,-125.718,151.651,-4.71872,-0.0194549,0.0249594,0.9615,0.272976
875,-129.46,154.103,-4.93107,-0.0229891,0.0265115,0.960054,0.277606
876,-133.054,156.494,-5.16376,-0.0234975,0.0246405,0.95879,0.282068
877,-136.459,158.824,-5.39276,-0.0251315,0.0234326,0.957267,0.287156
878,-140.098,161.276,-5.64204,-0.0262666,0.0234088,0.965301,0.258758
879,-143.83,163.108,-5.86283,-0.0207956,0.0245503,0.988009,0.151002
880,-148.039,163.702,-6.0281,-0.0146541,0.0283689,0.998087,-0.0529474
881,-152.009,162.483,-6.10632,-0.0124365,0.028931,0.961488,-0.273035
882,-155.191,159.522,-6.09053,-0.00648987,0.0313787,0.887343,-0.459996
883,-157.401,155.846,-6.00117,0.0029392,-0.0276524,-0.852631,0.521774
884,-159.421,151.999,-5.89541,0.000794555,-0.0280776,-0.848976,0.527686
885,-161.289,148.432,-5.77416,0.000301947,-0.0250916,-0.858123,0.512832
886,-163.502,144.972,-5.66898,-0.00579255,0.0265901,0.888048,-0.458945
887,-166.228,141.864,-5.62002,-0.00902074,0.0234283,0.933667,-0.357263
888,-169.796,139.841,-5.64446,-0.0209581,0.0218247,0.989659,-0.14021
889,-173.842,139.601,-5.81901,-0.0199451,0.00866781,0.99598,0.0868896
890,-177.634,141.088,-5.99059,-0.0245434,0.0110632,0.965217,0.260062
891,-180.932,143.587,-6.24849,-0.0452926,0.0215025,0.919124,0.390765
892,-182.735,147.244,-6.5775,-0.0192696,-0.00190019,0.741032,0.67119
893,-181.781,151.584,-6.69389,-0.0212452,-0.00228209,0.534141,0.845125
894,-179.419,155.264,-6.77525,-0.0221678,-0.00107033,0.468339,0.88327
895,-176.778,158.942,-6.86148,-0.0239472,-0.00211694,0.465848,0.884538
896,-174.257,162.465,-6.93013,-0.0237152,-0.00131591,0.469093,0.88283
897,-171.619,166.217,-7.01501,-0.0231891,0.000777793,0.472334,0.881114
898,-169.24,169.621,-7.09239,-0.0243114,-9.03313e-05,0.472589,0.880947
899,-166.445,173.613,-7.18849,-0.0228296,0.00346428,0.471387,0.881624
900,-164.044,177.027,-7.28657,-0.0208057,0.00255337,0.470374,0.882218
901,-161.571,180.526,-7.38235,-0.0232987,0.00250718,0.469179,0.882792
902,-159.085,184.032,-7.48541,-0.0217811,0.00394384,0.469338,0.882741
903,-156.579,187.545,-7.57961,-0.0233019,0.00561959,0.468089,0.883356
904,-154.122,190.981,-7.69251,-0.022567,0.00584554,0.467619,0.883623
905,-151.571,194.558,-7.81379,-0.0211624,0.00926512,0.473907,0.880272
906,-149.299,198.017,-7.93311,-0.0245017,0.00541304,0.490255,0.871218
907,-147.159,201.446,-8.0457,-0.0240559,0.00808084,0.500061,0.865618
908,-144.873,205.274,-8.1911,-0.0240428,0.00699325,0.503269,0.863767
909,-142.682,208.92,-8.31877,-0.0226217,0.00827074,0.49961,0.865916
910,-140.438,212.497,-8.44801,-0.0216729,0.0103601,0.487365,0.872868
911,-138.085,215.894,-8.58427,-0.0260266,0.0103072,0.447228,0.893982
912,-135.088,218.835,-8.73381,-0.0235083,0.00921106,0.269771,0.962593
913,-131.082,219.626,-8.65314,-0.0397265,-0.0269164,-0.108744,0.992911
914,-127.452,217.917,-8.36786,-0.0305551,-0.0233416,-0.281088,0.958911
915,-123.906,215.376,-8.09804,-0.0258754,-0.0229652,-0.295568,0.954695
916,-120.513,212.998,-7.85118,-0.0264266,-0.0229751,-0.28578,0.957655
917,-117.194,210.729,-7.59341,-0.021578,-0.0185903,-0.283246,0.958624
918,-113.883,208.496,-7.41763,-0.0210237,-0.0122614,-0.282816,0.958865
919,-110.541,206.239,-7.25906,-0.0210235,-0.0135367,-0.282576,0.958919
920,-107.192,203.98,-7.08815,-0.0275301,-0.0387143,-0.28011,0.958792
921,-103.65,201.628,-6.71485,-0.0268743,-0.0383709,-0.279851,0.9589
922,-100.109,199.263,-6.32722,-0.0290594,-0.0401517,-0.278759,0.959081
923,-96.4951,196.86,-5.95507,-0.0231801,-0.0367435,-0.277352,0.959785
924,-92.943,194.513,-5.59697,-0.022617,-0.0352533,-0.276,0.960245
925,-89.3324,192.15,-5.25523,-0.023262,-0.0349274,-0.275141,0.960487
926,-85.7135,189.784,-4.90353,-0.0238843,-0.0349988,-0.275195,0.960454
927,-81.9967,187.394,-4.54184,-0.0240262,-0.0325587,-0.271186,0.961676
928,-78.3042,185.025,-4.19668,-0.0232758,-0.0306262,-0.269963,0.962102
929,-74.5863,182.653,-3.87103,-0.0261972,-0.0320653,-0.270271,0.961894
930,-70.9411,180.313,-3.54129,-0.0242047,-0.0305358,-0.271395,0.961679
931,-67.3367,177.983,-3.22293,-0.0233882,-0.0290228,-0.273322,0.9612
932,-63.8324,175.708,-2.91063,-0.0230955,-0.0276708,-0.274229,0.960989
933,-60.4621,173.522,-2.61135,-0.0231468,-0.0255022,-0.274217,0.961051
934,-56.8824,171.187,-2.31523,-0.0212682,-0.0270036,-0.274701,0.960915
935,-53.3489,168.862,-1.98689,-0.0182152,-0.0127851,-0.282983,0.958867
936,-49.9825,166.487,-1.86874,-0.0157453,0.000706818,-0.288435,0.95737
937,-46.3668,164.66,-1.84716,-0.0140668,2.19198e-05,-0.0747259,0.997105
938,-42.1421,165.147,-1.8747,-0.0137039,0.00226678,0.217609,0.975937
939,-38.7229,167.388,-1.93394,-0.0088965,0.00321894,0.381326,0.924392
940,-36.0846,170.831,-1.98752,-0.0116634,0.0123775,0.535421,0.844414
941,-34.9261,174.688,-2.10464,-0.0105526,0.0109704,0.678842,0.734126
942,-35.3239,179.021,-2.23177,-0.00109115,0.0123371,0.822597,0.568489
943,-37.6034,182.721,-2.30505,-0.000617327,0.00915027,0.918324,0.395723
944,-40.7008,185.521,-2.34817,0.0121731,0.00620189,0.950715,0.309764
945,-44.3738,188.116,-2.24377,0.0148429,0.0038288,0.958282,0.285411
946,-47.7221,190.395,-2.15267,0.0229255,0.00217621,0.95954,0.280628
947,-51.2014,192.703,-2.01352,0.0158045,0.00289022,0.960488,0.277858
948,-54.7913,195.068,-1.8743,0.0113479,0.00537649,0.960993,0.276289
949,-58.4398,197.465,-1.75633,0.011439,0.00522782,0.961429,0.274763
950,-61.9895,199.772,-1.66339,0.0165871,0.00396813,0.961787,0.273266
951,-65.6875,202.162,-1.57982,0.0179878,0.00254603,0.961995,0.272462
952,-69.0265,204.313,-1.4701,0.0107298,0.00342774,0.962304,0.271742
953,-72.6137,206.629,-1.36218,0.00751646,0.00534235,0.962896,0.269712
954,-76.3486,209.006,-1.29264,0.00929454,0.00317646,0.963035,0.269195
955,-80.0072,211.337,-1.22071,0.0126329,0.00393248,0.961366,0.274956
956,-83.6444,213.788,-1.13665,0.01162,0.00415209,0.958525,0.284743
957,-87.1264,216.185,-1.03555,0.0081353,0.00536443,0.95752,0.288202
958,-90.5955,218.589,-0.940694,-0.0228996,0.0156455,0.959249,0.281197
959,-94.2834,220.818,-1.16348,-0.0221842,0.0187629,0.978896,0.202285
960,-98.3004,221.928,-1.34984,-0.0105039,0.0201045,0.999393,0.0264601
961,-102.691,221.359,-1.40408,-0.01155,0.0251102,0.979246,-0.200782
962,-106.127,218.966,-1.39374,-0.00219815,0.0249983,0.907651,-0.418976
963,-108.364,215.4,-1.30657,0.00309984,-0.0253329,-0.81368,0.580752
964,-109.029,211.247,-1.1663,-0.00559723,-0.0206548,-0.677227,0.735462
965,-107.957,207.145,-0.981129,-0.0128561,-0.0225401,-0.512557,0.858261
966,-105.514,203.731,-0.756313,-0.0143485,-0.0242303,-0.387068,0.921621
967,-102.358,200.982,-0.525994,-0.0232971,-0.0396655,-0.295996,0.954081
968,-98.9483,198.684,-0.146886,-0.018577,-0.0446517,-0.267241,0.962415
969,-95.453,196.547,0.216312,-0.0328267,-0.0430134,-0.269055,0.961604
970,-92.0115,194.337,0.591958,-0.0258615,-0.0400463,-0.270416,0.961563
971,-88.2423,191.92,0.998561,-0.023067,-0.0366381,-0.270654,0.961703
972,-84.6928,189.644,1.3809,-0.0243722,-0.0354231,-0.271635,0.961439
973,-80.9379,187.223,1.72395,-0.0262669,-0.0427874,-0.274189,0.960364
974,-77.6016,185.011,2.073,-0.0249174,-0.0420554,-0.279646,0.958858
975,-74.2406,182.761,2.44853,-0.0227316,-0.0332976,-0.280807,0.958917
976,-70.8756,180.513,2.79813,-0.0233443,-0.033066,-0.279103,0.959408
977,-67.5782,178.319,3.11978,-0.0247278,-0.0361558,-0.276364,0.960054
978,-63.9738,175.958,3.46263,-0.0245824,-0.0361942,-0.272973,0.961026
979,-60.3139,173.614,3.83325,-0.023499,-0.0340376,-0.268607,0.962361
980,-56.8326,171.414,4.20211,-0.0229356,-0.0345123,-0.268402,0.962415
981,-53.4791,169.133,4.56226,-0.0192748,-0.0154813,-0.331947,0.942974
982,-50.6765,166.098,4.73248,-0.0198168,-0.00390864,-0.481879,0.876005
983,-49.2886,162.046,4.87085,-0.0184196,-0.00457475,-0.662295,0.749003
984,-49.5974,158.047,5.02084,-0.00879789,-0.00809449,-0.793063,0.609021
985,-51.5228,154.275,5.08174,-0.00152256,0.0033607,0.901588,-0.432579
986,-54.6879,151.798,5.07524,-0.00254065,-0.000264692,0.978111,-0.208068
987,-58.7177,151.171,5.03963,-0.00334705,-0.00161145,0.999294,0.0373681
988,-62.7752,152.403,5.01257,-0.0210654,0.00802561,0.979504,0.200159
989,-66.4848,154.365,4.82882,-0.0190534,0.00929731,0.967499,0.251982
990,-70.2982,156.663,4.62283,-0.0160695,0.00708003,0.964923,0.261946
991,-73.7267,158.793,4.49724,-0.0131273,0.00671027,0.96395,0.265675
992,-77.2168,160.993,4.40752,-0.01653,0.00793392,0.963181,0.268226
993,-80.726,163.231,4.29172,-0.0126819,0.00851072,0.962951,0.269244
994,-84.2678,165.498,4.15925,-0.00820834,0.00959334,0.963036,0.269077
995,-87.7553,167.711,4.04417,-0.0225091,0.0126484,0.962659,0.269485
996,-91.1618,169.882,3.88602,-0.0287312,0.0114375,0.962318,0.270162
997,-94.9036,172.268,3.66735,-0.0254165,0.00784952,0.962092,0.271426
998,-98.5503,174.613,3.44747,-0.0205125,0.00449603,0.96165,0.273474
999,-102.059,176.898,3.28815,-0.0106167,0.00196067,0.961309,0.27526
1000,-105.548,179.188,3.21422,-0.0193544,0.0055155,0.960128,0.278835
1001,-109.133,181.644,3.0869,-0.0136777,0.00679208,0.955098,0.295897
1002,-112.47,184.235,2.98593,-0.0230471,0.0071483,0.938662,0.343992
1003,-115.355,187.182,2.77519,-0.0300672,0.00192807,0.902131,0.430409
1004,-117.377,190.661,2.56605,-0.0327789,-0.00290707,0.826604,0.56182
1005,-118.027,194.981,2.39753,-0.0298947,-0.00376326,0.6909,0.722322
1006,-117.103,198.914,2.30506,-0.0278009,-0.00422377,0.571986,0.819781
1007,-115.212,202.811,2.18236,-0.0315103,0.000706436,0.5122,0.858287
1008,-112.896,206.585,2.06316,-0.0322546,0.00113198,0.489534,0.871387
1009,-110.684,209.955,1.95435,-0.0311662,-0.000531081,0.480486,0.876448
1010,-108.363,213.322,1.86312,-0.0284925,-0.000975508,0.471947,0.881166
1011,-106.065,216.558,1.79139,-0.0306813,0.00210288,0.464568,0.885003
1012,-103.49,220.041,1.68809,-0.0293601,-0.00139588,0.459024,0.887937
1013,-100.865,223.577,1.60642,-0.0280669,-0.000187389,0.460159,0.887393
1014,-98.2684,227.097,1.52558,-0.0282183,-0.00292442,0.457574,0.888719
1015,-95.6863,230.284,1.46999,-0.0326491,-0.0047023,0.398285,0.916669
1016,-92.4442,232.852,1.42071,-0.037825,0.00214546,0.265325,0.963415
1017,-88.5047,234.274,1.39792,-0.040576,-0.00609047,0.0826128,0.995737
1018,-84.0804,234.012,1.50104,-0.0335412,-0.0158704,-0.117125,0.992424
1019,-80.3084,232.481,1.68686,-0.0219143,-0.00198912,-0.231401,0.97261
1020,-76.5898,230.153,1.78218,-0.0228823,-0.00193497,-0.289826,0.956804
1021,-73.3233,227.835,1.88637,-0.0280459,-0.00757738,-0.296299,0.954653
1022,-69.9069,225.398,2.00708,-0.0308507,-0.0107274,-0.294632,0.955052
1023,-66.523,222.994,2.17442,-0.0295264,-0.0125058,-0.290872,0.956225
1024,-63.1473,220.641,2.37904,-0.0264863,-0.0077768,-0.287055,0.957516
1025,-59.8216,218.363,2.54486,-0.0259636,-0.0137879,-0.284252,0.958299
1026,-56.4863,216.098,2.70687,-0.0252088,-0.0155164,-0.281729,0.959037
1027,-53.16,213.866,2.86985,-0.0223156,-0.00430806,-0.279115,0.959989
1028,-49.7732,211.62,2.9924,-0.020153,-0.00235986,-0.275954,0.960957
1029,-46.3409,209.384,3.08321,-0.0239919,-0.00663899,-0.272755,0.961761
1030,-42.8833,207.156,3.18608,-0.0246634,-0.00855411,-0.270793,0.962284
1031,-39.4936,204.977,3.32227,-0.0259259,-0.00659667,-0.276545,0.960629
1032,-35.9182,202.488,3.50133,-0.0258309,-0.00844345,-0.315101,0.948669
1033,-32.7966,199.716,3.68559,-0.0243399,-0.00542551,-0.384199,0.922913
1034,-30.1574,196.367,3.80797,-0.0253509,-0.00212931,-0.48586,0.873667
1035,-28.5226,192.657,3.95917,-0.0246228,-0.0053252,-0.597154,0.80173
1036,-27.9454,188.623,4.14698,-0.0175041,-0.00903482,-0.697039,0.716763
1037,-28.3969,184.548,4.28911,-0.00831183,-0.00415318,-0.774629,0.632347
1038,-29.6791,180.522,4.38641,-0.00753423,-0.0046009,-0.823988,0.566538
1039,-31.4497,176.762,4.48755,-0.00656304,-0.00498423,-0.858662,0.512477
1040,-33.9533,173.321,4.57642,0.00497758,0.00847555,0.91671,-0.399433
1041,-37.1922,170.814,4.64001,0.000874173,0.0104242,0.967171,-0.25391
1042,-41.0302,169.468,4.65709,-0.00274193,0.00867123,0.99558,-0.0934704
1043,-45.125,169.415,4.65519,-0.00427264,0.00729211,0.998261,0.0583301
1044,-49.0548,170.373,4.64311,-0.0106229,0.0163221,0.986664,0.161597
1045,-53.0432,172.177,4.44227,-0.0430983,0.0176952,0.971461,0.232577
1046,-56.6934,174.274,4.06744,-0.0411653,0.0182132,0.966394,0.253096
1047,-60.1077,176.326,3.7515,-0.0427424,0.0159967,0.965112,0.257828
1048,-63.8941,178.633,3.38447,-0.0393147,0.0168757,0.964507,0.260568
1049,-67.3929,180.771,3.04421,-0.0371451,0.0165755,0.964691,0.260222
1050,-70.8537,182.891,2.72319,-0.0436637,0.0179778,0.964155,0.261104
1051,-74.2861,185.012,2.40166,-0.0483536,0.0209068,0.963587,0.262157
1052,-77.9271,187.261,2.0031,-0.043094,0.0183973,0.963256,0.264467
1053,-81.3566,189.427,1.63662,-0.0387612,0.0163395,0.962168,0.269189
1054,-84.9579,191.731,1.2763,-0.0450288,0.0195917,0.961126,0.271708
1055,-88.331,193.908,0.933317,-0.0467919,0.0208154,0.960815,0.272417
1056,-91.7614,196.125,0.567346,-0.045796,0.0208214,0.960981,0.271998
1057,-95.3155,198.453,0.163913,-0.040901,0.0228671,0.960564,0.274083
1058,-98.9417,200.802,-0.233008,-0.046109,0.0179562,0.95752,0.284091
1059,-102.415,203.373,-0.599484,-0.0321507,0.0122326,0.936529,0.348897
1060,-105.127,206.684,-0.864061,-0.0296876,0.00489023,0.861538,0.506801
1061,-106.285,210.786,-1.07229,-0.0272706,0.00244494,0.726174,0.686965
1062,-105.702,214.881,-1.21019,-0.0294508,-0.001518,0.593501,0.804293
1063,-103.861,218.772,-1.33206,-0.0263467,-0.000816848,0.504747,0.862865
1064,-101.635,222.225,-1.41127,-0.0271665,-0.00202089,0.481072,0.876258
1065,-99.3587,225.624,-1.47669,-0.025331,-0.00218228,0.481709,0.875963
1066,-96.9801,229.232,-1.54059,-0.0254177,-0.00384846,0.47792,0.878027
1067,-94.5576,232.413,-1.59416,-0.0327006,0.00388666,0.394634,0.918248
1068,-91.1515,234.772,-1.6714,-0.0345929,-0.00243253,0.185397,0.982052
1069,-87.1055,235.341,-1.629,-0.0345367,-0.009964,-0.03373,0.998784
1070,-83.1646,234.368,-1.48849,-0.0283159,-0.0151413,-0.175472,0.983961
1071,-79.5585,232.599,-1.33554,-0.0232204,-0.00349115,-0.251362,0.967608
1072,-75.9416,230.318,-1.23839,-0.022922,0.000296379,-0.276503,0.96074
1073,-72.5884,228.119,-1.15234,-0.0253916,-0.00264118,-0.277578,0.960364
1074,-69.0879,225.833,-1.0669,-0.0286665,-0.00601765,-0.275868,0.960749
1075,-65.6077,223.551,-0.926612,-0.0309805,-0.0149681,-0.275741,0.960616
1076,-62.1181,221.247,-0.717539,-0.0246106,-0.00818187,-0.278168,0.960182
1077,-58.5967,218.899,-0.558478,-0.0221421,-0.0085299,-0.280212,0.959645
1078,-55.14,216.575,-0.413977,-0.0219122,-0.0107801,-0.281502,0.95925
1079,-51.7494,214.289,-0.293241,-0.0218768,-0.00760923,-0.282992,0.958843
1080,-48.2071,211.89,-0.158406,-0.0206437,0.000469753,-0.283194,0.95884
1081,-44.9071,209.646,-0.0750381,-0.0209571,-0.000198322,-0.284299,0.958507
1082,-41.2871,207.196,0.00859324,-0.0241352,-0.00551757,-0.283888,0.958538
1083,-37.9173,204.904,0.125573,-0.0249821,-0.0124459,-0.282702,0.958802
1084,-34.3436,202.458,0.283753,-0.0222054,-0.0114671,-0.294817,0.955227
1085,-30.9448,199.735,0.454333,-0.0186614,0.00526092,-0.375001,0.926822
1086,-28.4796,196.499,0.509053,-0.0241161,0.000587396,-0.509277,0.860264
1087,-27.1971,192.62,0.638657,-0.02203,-0.00387418,-0.648464,0.760917
1088,-27.2706,188.599,0.80362,-0.0152259,-0.00745249,-0.767682,0.640606
1089,-28.7384,184.736,0.916417,-0.00455146,-0.00727871,-0.852339,0.522919
1090,-30.9311,181.146,0.988562,0.0044452,0.0078948,0.873017,-0.487607
1091,-33.1162,177.773,1.06528,0.00535611,0.00769432,0.872236,-0.488994
1092,-35.3199,174.34,1.14276,0.00704606,0.00973065,0.870984,-0.491163
1093,-37.4828,170.915,1.24604,0.00421691,0.00764214,0.869291,-0.494222
1094,-39.6661,167.408,1.32636,0.00678835,0.008101,0.868011,-0.496432
1095,-41.9747,163.652,1.43436,0.00573965,0.00806525,0.866478,-0.499118
1096,-44.197,160.017,1.53883,0.00778295,0.00893991,0.870459,-0.492097
1097,-46.6682,156.466,1.66184,0.00542849,0.00950057,0.901463,-0.432719
1098,-49.8187,153.563,1.7055,-0.00518352,0.00120048,0.958727,-0.284278
1099,-53.805,152.032,1.66395,-0.00422682,6.82626e-05,0.996002,-0.0892355
1100,-57.7994,152.066,1.63442,-0.00277858,-0.000552353,0.996963,0.0778284
1101,-61.8088,153.38,1.62483,-0.0160966,0.00824789,0.97961,0.200094
1102,-65.457,155.283,1.47299,-0.0176464,0.00626774,0.968603,0.247905
1103,-69.2682,157.581,1.28599,-0.017037,0.00281788,0.962976,0.269035
1104,-72.5817,159.762,1.1539,-0.0100465,0.00317914,0.960119,0.279393
1105,-75.9773,162.051,1.09618,-0.0134897,0.00419065,0.959033,0.282942
1106,-79.2726,164.301,1.01435,-0.00994595,0.00582036,0.959098,0.282837
1107,-82.9413,166.794,0.899917,-0.0103675,0.0062677,0.959055,0.282959
1108,-86.3599,169.1,0.788762,-0.0195931,0.00841892,0.958896,0.282952
1109,-89.7342,171.39,0.654152,-0.0258629,0.00775165,0.958693,0.283159
1110,-93.443,173.879,0.444807,-0.0234195,0.00483939,0.959209,0.281683
1111,-96.8016,176.127,0.268882,-0.0215152,0.00152232,0.95972,0.280126
1112,-100.396,178.526,0.115355,-0.0117549,0.000331109,0.960686,0.27739
1113,-103.956,180.861,0.0257846,-0.0187352,0.00442795,0.961197,0.275191
1114,-107.447,183.129,-0.0890481,-0.015221,0.00352598,0.961399,0.274714
1115,-111,185.568,-0.186756,-0.0148255,0.00606889,0.950662,0.309814
1116,-114.256,188.435,-0.379261,-0.0286755,0.0013609,0.914738,0.403028
1117,-116.485,192.016,-0.588216,-0.0306305,-0.00405085,0.825274,0.563887
1118,-117.143,196.222,-0.736411,-0.0281557,-0.00768291,0.693744,0.71963
1119,-116.062,200.499,-0.813753,-0.0327322,0.00198838,0.559982,0.827856
1120,-114.028,204.26,-0.955275,-0.0327544,-0.000226553,0.489126,0.871598
1121,-111.488,207.868,-1.06137,-0.0302054,3.67039e-05,0.463447,0.88561
1122,-109.127,211.094,-1.14896,-0.025681,-0.00160901,0.464309,0.8853
1123,-106.812,214.342,-1.219,-0.0259211,-0.00305378,0.470068,0.882244
1124,-104.457,217.669,-1.28632,-0.0269451,0.00159073,0.469518,0.88251
1125,-101.911,221.225,-1.37586,-0.0248055,0.000618327,0.466712,0.884061
1126,-99.3972,224.714,-1.4499,-0.0229692,-0.00184895,0.465536,0.884729
1127,-96.9143,228.161,-1.50725,-0.0232114,-0.00430884,0.466505,0.884203
1128,-94.4645,231.627,-1.5532,-0.0280427,0.00755761,0.472445,0.880881
1129,-92.0403,235.179,-1.70514,-0.0288606,0.00721618,0.480656,0.876404
1130,-89.6715,238.789,-1.85114,-0.0291151,0.00762318,0.488819,0.871866
1131,-87.4011,242.405,-1.99112,-0.0284667,0.00403813,0.491742,0.870266
1132,-84.9622,245.979,-2.10979,-0.0325064,0.00124691,0.436904,0.89892
1133,-81.7814,248.908,-2.20221,-0.0328093,-0.000148604,0.286558,0.957501
1134,-77.8708,250.398,-2.21169,-0.0354154,-0.00945247,0.0743928,0.996555
1135,-73.5493,250.114,-2.08638,-0.0332997,-0.0164507,-0.121044,0.991952
1136,-69.7513,248.587,-1.90972,-0.0242417,-0.000552664,-0.222958,0.974526
1137,-65.9133,246.414,-1.82052,-0.0175382,-0.00231949,-0.253965,0.967052
1138,-62.4565,244.304,-1.73999,-0.0166071,-0.0106672,-0.264958,0.964058
1139,-58.938,242.068,-1.62141,-0.0142206,-0.0116799,-0.269952,0.962698
1140,-55.3854,239.77,-1.47228,-0.0128641,-0.0116184,-0.274339,0.961477
1141,-51.8551,237.482,-1.31725,-0.0171194,-0.0113538,-0.274854,0.961266
1142,-48.3375,235.184,-1.15408,-0.0205968,-0.0113744,-0.274716,0.961237
1143,-44.954,232.971,-1.02342,-0.0209882,-0.0129587,-0.274426,0.961292
1144,-41.1503,230.496,-0.869364,-0.0212363,-0.00884118,-0.273853,0.961496
1145,-37.4409,228.077,-0.734354,-0.0186795,-0.00142371,-0.272405,0.962
1146,-33.7881,225.719,-0.643031,-0.0151339,-0.00181361,-0.271577,0.962296
1147,-30.2058,223.413,-0.562372,-0.0163445,-0.00683031,-0.269486,0.962841
1148,-26.7314,221.208,-0.457479,-0.0192279,-0.0120935,-0.268975,0.962879
1149,-23.1131,218.848,-0.316589,-0.0234491,-0.00811659,-0.296077,0.954842
1150,-19.8794,216.114,-0.160916,-0.0217615,0.00702148,-0.393586,0.919003
1151,-17.5973,212.618,-0.0947721,-0.0203379,-0.000824989,-0.546415,0.837268
1152,-16.676,208.324,0.0404256,-0.0199152,-0.00639395,-0.694881,0.71882
1153,-17.2913,204.334,0.197623,-0.0155599,-0.010168,-0.799886,0.599863
1154,-18.9638,200.611,0.332027,-0.00743831,-0.0120044,-0.856238,0.516387
1155,-21.1225,197.042,0.455781,0.00656065,0.0138395,0.87182,-0.489588
1156,-23.4455,193.516,0.583701,0.00969519,0.0161475,0.878049,-0.478199
1157,-25.7662,190.104,0.721727,0.0134629,0.0115798,0.880777,-0.473197
1158,-28.1033,186.733,0.878608,0.00200508,0.00730668,0.878587,-0.477523
1159,-30.4213,183.324,0.933715,0.00362582,0.0101761,0.877813,-0.478882
1160,-32.7622,179.847,1.01002,0.00346359,0.00995782,0.8766,-0.481103
1161,-35.1243,176.321,1.0972,0.00299976,0.00953442,0.876674,-0.480982
1162,-37.4726,172.785,1.18828,0.00574957,0.00805822,0.87594,-0.482319
1163,-39.8722,169.179,1.27524,0.00488962,0.00888183,0.875346,-0.48339
1164,-42.2169,165.65,1.36543,0.00392938,0.0119611,0.874808,-0.484306
1165,-44.5279,162.138,1.45904,0.00612023,0.0125247,0.87443,-0.484951
1166,-46.7788,158.694,1.56777,0.00882308,0.0111036,0.873919,-0.485865
1167,-48.9635,155.352,1.69287,-0.00521799,0.00602746,0.872965,-0.487717
1168,-51.2048,151.877,1.69936,-0.00320383,0.00796799,0.871453,-0.490404
1169,-53.4026,148.398,1.73145,-0.00138084,0.00832484,0.869136,-0.494503
1170,-55.592,144.873,1.77706,0.000941465,0.00769359,0.86852,-0.495595
1171,-57.7697,141.4,1.8298,0.00379712,0.0105448,0.874817,-0.484322
1172,-60.2999,137.936,1.89365,-9.86095e-05,0.00371348,0.910636,-0.413192
1173,-63.6172,135.294,1.90779,-0.00240679,0.00244117,0.971764,-0.23593
1174,-67.6021,134.243,1.89018,-0.00156377,0.00162896,0.999581,-0.0288609
1175,-71.8673,134.903,1.85601,-0.00260485,0.00255165,0.98734,0.158575
1176,-75.6002,136.78,1.79189,-0.0164357,0.0073648,0.962586,0.270378
1177,-79.0393,139.255,1.65064,-0.0184647,0.0106875,0.951574,0.306679
1178,-82.4572,141.883,1.49867,-0.0107721,0.011829,0.950804,0.309378
1179,-85.8918,144.5,1.38384,-0.00913333,0.0102975,0.951783,0.306462
1180,-89.102,146.877,1.28505,-0.0104352,0.00670755,0.953871,0.299963
1181,-92.6604,149.434,1.19463,-0.0146674,0.00960306,0.956354,0.291685
1182,-96.3155,151.963,1.08255,-0.0190936,0.0115682,0.958609,0.28385
1183,-100.064,154.487,0.916236,-0.0182742,0.0111136,0.959673,0.280306
1184,-103.704,156.925,0.73986,-0.0167243,0.0117729,0.960536,0.277404
1185,-107.434,159.39,0.55367,-0.0162689,0.0152235,0.960896,0.276012
1186,-110.865,161.639,0.405891,-0.0126522,0.0140311,0.9615,0.274156
1187,-114.372,163.907,0.293095,-0.018915,0.0125822,0.960156,0.278538
1188,-117.683,166.181,0.154854,-0.012951,0.00944601,0.954937,0.296377
1189,-121.161,168.878,0.0263719,-0.0140227,0.0032132,0.937592,0.34744
1190,-123.949,171.808,-0.10265,-0.0345312,0.00383824,0.897815,0.438999
1191,-125.919,175.598,-0.333966,-0.031469,-0.00101592,0.81004,0.585529
1192,-126.433,179.997,-0.516441,-0.0265024,-0.00525267,0.689112,0.724151
1193,-125.478,184.229,-0.607035,-0.0298415,-0.00269545,0.573165,0.818892
1194,-123.674,187.774,-0.688438,-0.0231249,-0.00463042,0.505094,0.862742
1195,-121.576,191.216,-0.73015,-0.0231462,-0.0047531,0.497166,0.867334
1196,-119.437,194.714,-0.764968,-0.0234917,-0.00591076,0.498478,0.866564
1197,-117.342,198.161,-0.801215,-0.0237792,-0.00758553,0.499324,0.866056
1198,-115.248,201.6,-0.857688,-0.028816,0.00284318,0.50065,0.865165
1199,-112.996,205.359,-0.981359,-0.0305486,0.000802019,0.502063,0.864291
1200,-110.738,209.091,-1.0956,-0.0311659,-0.00114688,0.495627,0.867975
1201,-108.43,212.599,-1.18398,-0.0287111,-0.00252647,0.462547,0.886126
1202,-105.791,215.696,-1.23399,-0.0277252,-0.00123607,0.375813,0.92628
1203,-102.218,218.126,-1.27187,-0.029272,-0.00640222,0.203917,0.97853
1204,-98.1959,218.988,-1.20222,-0.0300176,-0.0156992,0.00687572,0.999402
1205,-94.2005,218.249,-1.02796,-0.0264322,-0.0183892,-0.174001,0.984219
1206,-90.299,216.169,-0.916908,-0.0108952,0.0165264,-0.267651,0.963313
1207,-86.9153,213.933,-0.988215,-0.0120533,0.0185851,-0.281918,0.959183
1208,-83.4488,211.57,-1.06714,-0.0114963,0.0153293,-0.283466,0.958791
1209,-79.7608,209.075,-1.16954,-0.0134289,0.00920677,-0.279912,0.959888
1210,-76.4214,206.861,-1.24257,-0.0113476,0.0106761,-0.274879,0.961353
1211,-72.868,204.544,-1.28139,-0.00930216,0.0205467,-0.274842,0.961225
1212,-69.198,202.14,-1.38064,-0.0100126,0.0183745,-0.276696,0.96073
1213,-65.5843,199.766,-1.48599,-0.0132123,0.0178839,-0.27721,0.960552
1214,-62.2343,197.528,-1.58947,-0.012052,0.0182441,-0.277555,0.960461
1215,-58.532,195.094,-1.69605,-0.0091277,0.0236981,-0.276732,0.960611
1216,-55.0458,192.81,-1.79773,-0.0103836,0.025716,-0.272519,0.961751
1217,-51.6489,190.616,-1.91894,-0.00963271,0.0210896,-0.269746,0.962652
1218,-48.1332,188.392,-2.06228,-0.0138987,0.0180442,-0.268233,0.963085
1219,-44.7201,186.195,-2.16495,-0.0111599,0.0240077,-0.282453,0.958916
1220,-41.4175,183.713,-2.27923,-0.0166377,0.00344383,-0.356857,0.934005
1221,-38.8046,180.415,-2.22636,-0.0154717,0.00272908,-0.509487,0.860335
1222,-37.572,176.616,-2.15971,-0.0167844,-0.00196624,-0.655188,0.755277
1223,-37.7914,172.548,-2.03465,-0.00835324,-0.00546086,-0.774135,0.632943
1224,-39.2266,168.462,-1.95811,-0.00957362,-0.00567605,-0.839379,0.543432
1225,-41.1497,164.837,-1.85579,-0.00917008,-0.00567562,-0.857073,0.515082
1226,-43.3083,161.043,-1.73887,-0.00918188,-0.0051574,-0.863703,0.503892
1227,-45.482,157.697,-1.63427,0.00972174,0.00742441,0.889635,-0.456509
1228,-48.2708,154.656,-1.52849,-0.00314411,0.0023607,0.93901,-0.343868
1229,-51.6447,152.599,-1.53489,-0.00546794,-0.000928037,0.980232,-0.197776
1230,-55.8101,151.7,-1.55993,-0.00390473,-0.000697824,0.999774,-0.0208718
1231,-59.8725,152.222,-1.57921,0.0011941,0.00211394,0.992127,0.125218
1232,-63.7805,153.779,-1.64622,-0.0185229,0.00758047,0.974251,0.224578
1233,-67.3148,155.781,-1.79521,-0.0192032,0.00308927,0.965215,0.260734
1234,-70.7935,158.005,-1.93256,-0.0137834,0.00423167,0.96091,0.276486
1235,-74.3989,160.413,-2.0237,-0.0056129,0.00164944,0.959423,0.281909
1236,-77.9809,162.835,-2.09584,-0.00790889,0.00477506,0.959264,0.282359
1237,-81.6147,165.297,-2.17202,-0.0120398,0.00789609,0.95953,0.281238
1238,-85.2505,167.719,-2.25844,-0.0217672,0.0102295,0.959953,0.279129
1239,-88.5844,169.931,-2.42088,-0.0191854,0.00707222,0.960576,0.277267
1240,-92.2495,172.331,-2.60745,-0.0187178,0.00339173,0.961495,0.274164
1241,-95.9336,174.706,-2.77332,-0.0215529,0.00414892,0.962331,0.270993
1242,-99.547,177.015,-2.92611,-0.020128,0.00393597,0.962858,0.26923
1243,-103.261,179.395,-3.05693,-0.0170981,0.00434851,0.961662,0.273666
1244,-106.774,181.723,-3.17837,-0.0105556,0.00207557,0.958988,0.283243
1245,-110.193,184.132,-3.2698,-0.00915957,0.00334598,0.951737,0.306759
1246,-113.455,186.828,-3.3657,-0.032781,0.00529834,0.926068,0.375894
1247,-115.909,190.058,-3.59264,-0.033247,0.00156431,0.859284,0.510416
1248,-117.108,194.206,-3.79355,-0.0254653,-0.00413306,0.735676,0.676842
1249,-116.616,198.265,-3.89295,-0.0284284,-0.00308129,0.59788,0.801076
1250,-114.847,202.061,-4.00796,-0.0288627,-0.000108692,0.505355,0.862428
1251,-112.649,205.438,-4.10635,-0.0302829,0.00193301,0.475842,0.879007
1252,-110.284,208.84,-4.21022,-0.027659,0.00078681,0.473665,0.88027
1253,-107.867,212.336,-4.30761,-0.0267934,0.00092281,0.475071,0.879539
1254,-105.542,215.723,-4.39749,-0.0254233,0.000463674,0.477598,0.878211
1255,-103.293,219.049,-4.48143,-0.0274257,0.00136755,0.479587,0.877064
1256,-101.081,222.351,-4.56357,-0.0269414,0.000559155,0.482177,0.875659
1257,-98.8527,225.746,-4.64217,-0.0259166,-0.00188464,0.484,0.874682
1258,-96.6007,229.064,-4.71834,-0.029154,-0.0031325,0.455601,0.889701
1259,-93.9448,232.058,-4.78241,-0.035291,0.0017334,0.359389,0.932519
1260,-90.2895,234.29,-4.84912,-0.0381824,-0.00263064,0.18164,0.98262
1261,-86.3659,234.971,-4.81513,-0.0333742,-0.00964884,0.000342379,0.999396
1262,-82.3941,234.167,-4.68046,-0.0274642,-0.0117035,-0.169591,0.985062
1263,-78.5902,232.274,-4.56125,-0.0251459,-0.00686505,-0.257817,0.965842
1264,-75.1421,230.054,-4.45513,-0.024079,-0.00138758,-0.279508,0.95984
1265,-71.6079,227.675,-4.34107,-0.0259957,-0.00135615,-0.283817,0.958525
1266,-67.9789,225.219,-4.23687,-0.0304116,-0.00705349,-0.285317,0.957925
1267,-64.4328,222.792,-4.07659,-0.0304678,-0.0136686,-0.284666,0.958045
1268,-60.9742,220.426,-3.88992,-0.0277679,-0.012029,-0.283712,0.958432
1269,-57.6014,218.132,-3.71007,-0.0231324,-0.00616398,-0.283537,0.958662
1270,-54.1035,215.76,-3.56326,-0.0215242,-0.00389453,-0.281664,0.959264
1271,-50.5886,213.402,-3.46292,-0.0229673,-0.00592625,-0.278741,0.960073
1272,-46.9721,211.018,-3.36115,-0.0231612,-0.00358398,-0.276661,0.960682
1273,-43.2784,208.604,-3.27755,-0.0239503,0.00082367,-0.274156,0.961387
1274,-39.6171,206.252,-3.18563,-0.0253284,-0.00285841,-0.271501,0.962101
1275,-36.1453,204.013,-3.04915,-0.0227855,-0.0058828,-0.277457,0.96045
1276,-32.5793,201.484,-2.91023,-0.0251148,-0.00932383,-0.328611,0.944085
1277,-29.6959,198.553,-2.78066,-0.0209758,0.00484385,-0.449481,0.89303
1278,-27.9023,194.997,-2.6991,-0.02164,-0.00286774,-0.587638,0.808829
1279,-27.3549,190.687,-2.54085,-0.0223488,-0.0065121,-0.724485,0.688897
1280,-28.2456,186.741,-2.37101,-0.00712841,-0.00445491,-0.815377,0.578871
1281,-30.1282,182.817,-2.29998,-0.00431092,-0.00842747,-0.857671,0.514113
1282,-32.2099,179.269,-2.21753,-0.00536793,-0.00710187,-0.86523,0.5013
1283,-34.2786,175.874,-2.13436,0.0072206,0.00688421,0.867632,-0.497108
1284,-36.4061,172.446,-2.04244,0.00795706,0.00892573,0.8686,-0.49537
1285,-38.5567,169.003,-1.97405,0.0068691,0.00767786,0.869588,-0.493671
1286,-40.6784,165.619,-1.88269,0.0078175,0.00652355,0.870518,-0.492033
1287,-42.8122,162.265,-1.78603,0.00863229,0.00633301,0.871094,-0.491001
1288,-45.1312,158.645,-1.67241,0.00932781,0.00861653,0.872509,-0.488434
1289,-47.4504,155.037,-1.54719,0.000967149,0.00416717,0.873024,-0.487658
1290,-49.6189,151.687,-1.50964,0.00011347,0.00377251,0.873579,-0.486667
1291,-52.0022,148.012,-1.47443,0.00186144,0.00247268,0.874235,-0.485493
1292,-54.4447,144.351,-1.42723,0.00389786,0.00383805,0.882843,-0.469636
1293,-57.0798,140.935,-1.37388,0.0041292,0.0038392,0.910385,-0.413725
1294,-60.2327,138.138,-1.33591,-0.00319186,0.00255666,0.95648,-0.291768
1295,-64.1427,136.416,-1.3454,-0.00151079,0.00292943,0.992023,-0.126013
1296,-68.357,136.133,-1.34517,-0.00112669,-0.000306289,0.998773,0.0495113
1297,-72.5501,137.329,-1.33793,-0.0183741,0.00564857,0.980174,0.197205
1298,-76.0762,139.299,-1.48466,-0.0148001,0.0110422,0.962226,0.271626
1299,-79.6123,141.683,-1.63496,-0.0101007,0.0106185,0.957919,0.286665
1300,-83.2322,144.217,-1.75782,-0.00691366,0.01013,0.955551,0.294573
1301,-86.7083,146.724,-1.82139,-0.0126362,0.00780164,0.953704,0.300381
1302,-90.0971,149.22,-1.90037,-0.0128228,0.0071477,0.953541,0.300903
1303,-93.4249,151.653,-2.0074,-0.00998934,0.00819157,0.955418,0.294974
1304,-96.8415,154.055,-2.13205,-0.0149584,0.0120959,0.95859,0.284139
1305,-100.432,156.437,-2.28308,-0.0210739,0.0129546,0.96216,0.271359
1306,-104.045,158.727,-2.44592,-0.0214779,0.0203812,0.965548,0.258534
1307,-107.724,160.898,-2.63472,-0.0145649,0.0173131,0.968181,0.249225
1308,-111.326,162.954,-2.76011,-0.00967549,0.014321,0.969484,0.244547
1309,-115.131,165.087,-2.87372,-0.0131819,0.0104349,0.969167,0.245831
1310,-118.693,167.204,-2.96839,-0.0145316,0.0063557,0.960744,0.276983
1311,-121.928,169.653,-3.07396,-0.0232342,0.00308795,0.933872,0.356838
1312,-124.603,172.794,-3.27615,-0.0315389,0.00359805,0.877266,0.478954
1313,-126.23,176.752,-3.49319,-0.0270013,0.000231358,0.783748,0.620492
1314,-126.403,180.992,-3.62498,-0.028832,-0.00287022,0.663253,0.747835
1315,-125.18,185.052,-3.72712,-0.0273082,-0.0043408,0.548386,0.835768
1316,-123.01,188.818,-3.79309,-0.0235542,-0.00403209,0.487324,0.872894
1317,-120.791,192.151,-3.83998,-0.0221376,-0.00510351,0.479596,0.877195
1318,-118.532,195.518,-3.875,-0.0232198,-0.00593611,0.480356,0.876746
1319,-116.236,198.969,-3.90662,-0.0272146,-0.000456896,0.482282,0.875593
1320,-113.963,202.382,-4.01311,-0.0249218,0.00150231,0.482797,0.875376
1321,-111.669,205.847,-4.10904,-0.0274812,0.00303383,0.482754,0.87532
1322,-109.38,209.291,-4.21479,-0.0263354,0.00200322,0.483561,0.874912
1323,-107.127,212.715,-4.31484,-0.0264049,0.000290538,0.484643,0.874314
1324,-104.891,216.122,-4.40171,-0.0249382,0.00107078,0.486052,0.873574
1325,-102.525,219.75,-4.49496,-0.0253005,0.00158485,0.48825,0.872336
1326,-100.234,223.323,-4.58384,-0.0262312,9.70367e-05,0.489758,0.871464
1327,-97.9374,226.914,-4.67443,-0.0265261,-0.00205257,0.490926,0.870795
1328,-95.7026,230.445,-4.75609,-0.0301077,0.00180285,0.491557,0.870323
1329,-93.4132,234.047,-4.89229,-0.0304243,0.00541278,0.492156,0.869959
1330,-91.0768,237.736,-5.04443,-0.0305146,0.00523091,0.491862,0.870122
1331,-88.7399,241.376,-5.18803,-0.0319331,0.00437967,0.47897,0.87724
1332,-86.1479,244.893,-5.32036,-0.0292992,0.00091032,0.425869,0.90431
1333,-83.0853,247.835,-5.401,-0.0343209,0.00150216,0.318016,0.947463
1334,-79.2295,249.824,-5.45494,-0.0361035,-0.00429203,0.15396,0.987408
1335,-74.9473,250.346,-5.3968,-0.0356287,-0.0112212,-0.0293167,0.998872
1336,-70.6924,249.299,-5.2141,-0.0279302,-0.0008706,-0.186399,0.982077
1337,-67.1844,247.393,-5.13337,-0.0187744,-0.00693454,-0.267168,0.963442
1338,-63.638,245.042,-5.04223,-0.0172174,-0.011647,-0.281963,0.9592
1339,-59.9819,242.556,-4.90229,-0.0146852,-0.00591307,-0.283746,0.958769
1340,-56.3955,240.118,-4.77772,-0.0156007,-0.0108448,-0.281869,0.959265
1341,-52.6821,237.635,-4.59746,-0.0170255,-0.0128696,-0.279342,0.959954
1342,-49.0667,235.256,-4.43501,-0.0210187,-0.0139305,-0.275113,0.961081
1343,-45.4466,232.911,-4.27406,-0.0203323,-0.0131806,-0.270652,0.962372
1344,-41.7556,230.578,-4.11563,-0.0201797,-0.00512422,-0.265036,0.964014
1345,-38.0841,228.302,-3.99859,-0.0163771,-0.00300892,-0.258027,0.965994
1346,-34.4602,226.142,-3.90741,-0.0166326,-0.00164199,-0.250563,0.967956
1347,-30.9468,224.119,-3.84447,-0.0175049,-0.00703763,-0.246481,0.968964
1348,-27.157,221.918,-3.72838,-0.0175765,-0.00763261,-0.262215,0.964819
1349,-23.6919,219.609,-3.6073,-0.0223644,-0.00821319,-0.306304,0.951635
1350,-20.543,216.896,-3.44549,-0.0214307,0.00149154,-0.388931,0.921016
1351,-18.1026,213.513,-3.36249,-0.0195778,0.00291845,-0.516707,0.855934
1352,-16.8609,209.616,-3.25588,-0.0180767,-0.00771068,-0.646251,0.762872
1353,-16.9139,205.46,-3.08806,-0.0158553,-0.0106994,-0.759685,0.650009
1354,-18.2719,201.337,-2.93576,-0.00914271,-0.0142361,-0.836639,0.547493
1355,-20.4376,197.512,-2.79606,0.00552603,0.0162938,0.869757,-0.493179
1356,-22.5972,194.123,-2.68032,0.00838844,0.0164319,0.871165,-0.490643
1357,-24.7303,190.7,-2.53893,0.0104182,0.0125594,0.868547,-0.495338
1358,-27.0047,186.952,-2.38753,-0.00638936,-0.00705793,-0.865375,0.501034
1359,-29.0667,183.5,-2.30786,-0.00434254,-0.00587813,-0.861871,0.507072
1360,-31.2418,179.684,-2.22355,-0.00523748,-0.00588007,-0.857598,0.514261
1361,-33.3646,175.906,-2.13266,-0.00697345,-0.00334763,-0.863922,0.503566
1362,-35.5543,172.589,-2.04591,0.008746,0.00645855,0.894056,-0.447824
1363,-38.5006,169.596,-1.97619,0.00254356,0.00493388,0.948956,-0.31536
1364,-42.3909,167.806,-1.93399,0.00262544,0.00278355,0.993839,-0.110766
1365,-46.3518,167.725,-1.90772,-0.00221288,0.00647378,0.99668,0.0811293
1366,-50.1492,169.039,-1.91777,-0.0179929,0.0140619,0.974767,0.222054
1367,-53.7662,171.187,-2.15853,-0.0315176,0.0176501,0.962126,0.270199
1368,-57.1021,173.337,-2.42838,-0.0321207,0.0179928,0.960997,0.274097
1369,-60.4637,175.54,-2.68793,-0.0357871,0.0163803,0.960301,0.276174
1370,-64.0541,177.909,-3.00726,-0.0358505,0.0182514,0.959977,0.277174
1371,-67.4196,180.129,-3.30531,-0.0351745,0.0176379,0.960148,0.276707
1372,-70.8024,182.359,-3.59939,-0.0372199,0.0177965,0.960581,0.274923
1373,-74.3993,184.717,-3.92849,-0.0369726,0.0192983,0.960797,0.2741
1374,-77.8818,186.995,-4.23802,-0.0399772,0.0191641,0.960751,0.273845
1375,-81.5733,189.393,-4.58443,-0.0412436,0.0185257,0.960535,0.274462
1376,-85.0948,191.694,-4.92862,-0.0395388,0.0193663,0.960747,0.273911
1377,-88.4363,193.855,-5.24608,-0.0396875,0.0179288,0.961278,0.272119
1378,-91.9859,196.127,-5.58457,-0.0408971,0.01831,0.961658,0.270566
1379,-95.3723,198.281,-5.9174,-0.0390962,0.0201546,0.961918,0.269777
1380,-98.87,200.552,-6.28081,-0.0463469,0.0197047,0.955984,0.289064
1381,-102.018,203.028,-6.65364,-0.0441381,0.0190127,0.933081,0.35644
1382,-104.72,206.348,-7.05093,-0.0408682,0.00810934,0.859637,0.509205
1383,-105.814,210.486,-7.33241,-0.0347992,0.00274707,0.723857,0.689066
1384,-105.174,214.552,-7.52764,-0.0331384,-0.00275085,0.585081,0.810293
1385,-103.255,218.248,-7.62853,-0.0228016,-0.00507137,0.486729,0.873241
1386,-100.854,221.695,-7.67069,-0.0226325,-0.00442411,0.465777,0.884602
1387,-98.5026,225.053,-7.71479,-0.023901,-0.00213977,0.479692,0.877109
1388,-96.2781,228.452,-7.77255,-0.0249023,-0.00170636,0.487932,0.872525
1389,-93.9633,232.024,-7.88009,-0.029249,0.00602941,0.485079,0.87396
1390,-91.6889,235.529,-8.03256,-0.0354351,0.00834003,0.4877,0.872252
1391,-89.4119,239.089,-8.2145,-0.0314721,0.00972498,0.494191,0.868729
1392,-87.2469,242.64,-8.38539,-0.0341892,0.0084658,0.496665,0.867227
1393,-84.8668,246.269,-8.55869,-0.0397236,0.000812811,0.44689,0.893706
1394,-81.9714,249.254,-8.66365,-0.0429145,-0.00364128,0.319112,0.946738
1395,-78.2031,251.003,-8.67171,-0.0398095,-0.0103237,0.110729,0.992999
1396,-73.9068,250.969,-8.56593,-0.0361286,-0.0174332,-0.100567,0.994121
1397,-70.139,249.564,-8.36056,-0.0234659,-0.000112073,-0.215125,0.976305
1398,-66.2838,247.376,-8.29528,-0.0214906,-0.0069232,-0.266275,0.963633
1399,-62.7565,245.075,-8.1715,-0.0172184,-0.010934,-0.275298,0.961143
1400,-59.0972,242.684,-8.02954,-0.0169289,-0.0139245,-0.274843,0.961239
1401,-55.7365,240.49,-7.88018,-0.0164773,-0.0119616,-0.274771,0.961294
1402,-52.3155,238.252,-7.73763,-0.0154126,-0.0108973,-0.274389,0.961434
1403,-48.5466,235.821,-7.5853,-0.0212794,-0.0140079,-0.27636,0.960717
1404,-44.9911,233.46,-7.40271,-0.0223287,-0.013926,-0.284827,0.958218
1405,-41.411,230.962,-7.25182,-0.0190464,-0.000743087,-0.29511,0.955273
1406,-37.8717,228.391,-7.17309,-0.0170051,-0.00385724,-0.297022,0.954711
1407,-34.4941,225.919,-7.07706,-0.0120909,-0.00487175,-0.297938,0.954496
1408,-31.2543,223.596,-6.97954,-0.014447,-0.00778937,-0.293768,0.955736
1409,-27.785,221.168,-6.85793,-0.0137567,-0.00548151,-0.286075,0.958093
1410,-24.2166,218.745,-6.73845,-0.021518,-0.0150279,-0.289084,0.956944
1411,-20.9329,216.27,-6.52488,-0.0177753,0.00393993,-0.338324,0.940853
1412,-17.9617,213.22,-6.48077,-0.0181776,0.00212547,-0.433482,0.900976
1413,-15.948,209.489,-6.39769,-0.0154167,-0.00197527,-0.598438,0.801018
1414,-15.7609,205.501,-6.27869,-0.00970189,-0.00593186,-0.764663,0.644329
1415,-17.2698,201.62,-6.18213,-0.0135605,-0.0132958,-0.858801,0.511955
1416,-19.4998,198.184,-6.01409,0.0079459,0.013756,0.880825,-0.473176
1417,-22.0185,194.68,-5.8823,0.0094301,0.0153933,0.887601,-0.460261
1418,-24.3732,191.454,-5.73247,0.010233,0.0146836,0.883998,-0.467147
1419,-26.7307,188.076,-5.59005,0.00593844,0.0112624,0.877878,-0.478714
1420,-29.0828,184.535,-5.50527,0.00240432,0.00743713,0.875806,-0.4826
1421,-31.4949,180.938,-5.4491,0.00231881,0.00601002,0.878521,-0.477661
1422,-33.8374,177.519,-5.39301,0.00240439,0.00772304,0.878477,-0.477716
1423,-36.2846,173.875,-5.32996,0.00547638,0.00411318,0.877573,-0.479394
1424,-38.5839,170.442,-5.25914,0.0133391,0.0060912,0.876879,-0.480488
1425,-40.8021,167.114,-5.13939,0.0101263,0.00545032,0.875678,-0.482759
1426,-43.1086,163.611,-5.01981,0.00905902,0.00732219,0.87426,-0.485318
1427,-45.3085,160.223,-4.89779,0.00952259,0.00659157,0.872399,-0.488656
1428,-47.6126,156.623,-4.77425,0.00139497,0.00388348,0.871289,-0.490753
1429,-49.7753,153.219,-4.74183,-0.000854607,0.00364296,0.870483,-0.492185
1430,-51.92,149.812,-4.73235,-0.000879554,0.00311973,0.869584,-0.493774
1431,-54.1281,146.298,-4.70812,-0.00108019,0.0049735,0.870874,-0.491481
1432,-56.4401,142.685,-4.68328,0.00399839,-0.00517267,0.884569,-0.466364
1433,-59.1923,139.331,-4.64557,0.00885563,0.000552555,0.924244,-0.381699
1434,-62.6339,136.948,-4.57432,0.00581589,0.00377451,0.975977,-0.217765
1435,-66.7036,135.889,-4.53863,0.00135148,-0.00231214,0.999185,-0.0402751
1436,-70.6759,136.281,-4.53423,-0.00576293,0.00260619,0.992492,0.12214
1437,-74.5306,137.916,-4.62433,-0.0194349,0.0080984,0.970125,0.241693
1438,-77.9288,140.036,-4.77729,-0.0121338,0.0104431,0.961314,0.274986
1439,-81.3708,142.356,-4.88548,-0.0127472,0.00986725,0.958688,0.284003
1440,-84.8219,144.735,-4.98996,-0.00967962,0.0114207,0.957716,0.287325
1441,-88.2668,147.089,-5.07569,-0.0107586,0.0069739,0.958378,0.285217
1442,-91.7388,149.444,-5.15087,-0.00772692,0.00408847,0.958993,0.283297
1443,-95.1516,151.756,-5.20998,-0.0179586,0.00828961,0.959172,0.28213
1444,-98.5844,154.077,-5.37382,-0.0217337,0.0107856,0.95928,0.281413
1445,-102.105,156.465,-5.56497,-0.0162468,0.0131443,0.960193,0.278554
1446,-105.694,158.862,-5.71182,-0.0139084,0.015858,0.960582,0.277196
1447,-109.276,161.221,-5.84634,-0.0124838,0.0165621,0.961657,0.27347
1448,-112.764,163.461,-5.96262,-0.0129453,0.0173093,0.962903,0.268978
1449,-116.416,165.709,-6.08681,-0.0115378,0.00754088,0.964429,0.263982
1450,-119.879,167.881,-6.17904,-0.00835858,0.00484064,0.960233,0.279034
1451,-123.265,170.446,-6.24828,-0.0303852,0.00367803,0.930269,0.365598
1452,-125.825,173.868,-6.48957,-0.0292751,0.00222566,0.850818,0.524641
1453,-126.922,177.791,-6.67285,-0.0314744,0.00273544,0.739426,0.672497
1454,-126.462,181.96,-6.84625,-0.0321204,-0.00225279,0.600577,0.798919
1455,-124.713,185.69,-6.92982,-0.0222052,-0.00647482,0.506061,0.862187
1456,-122.453,189.258,-6.94433,-0.0221542,-0.0064683,0.481929,0.875906
1457,-120.095,192.781,-6.96908,-0.0225678,-0.0060781,0.482117,0.875795
1458,-117.841,196.218,-6.99296,-0.0225712,-0.00545344,0.485677,0.87383
1459,-115.572,199.69,-7.04757,-0.0251226,0.00343509,0.488002,0.872474
1460,-113.233,203.315,-7.18076,-0.024961,0.0020252,0.490206,0.871247
1461,-110.901,206.99,-7.30926,-0.0243275,0.00159217,0.491592,0.870484
1462,-108.576,210.65,-7.4227,-0.0272132,0.00357003,0.48895,0.87188
1463,-106.418,214.034,-7.53799,-0.0310669,-0.000596453,0.489909,0.871219
1464,-104.015,217.786,-7.62868,-0.0241801,-0.00231224,0.492892,0.869751
1465,-101.828,221.308,-7.6865,-0.0230903,-0.00391799,0.496991,0.867439
1466,-99.5922,224.994,-7.73782,-0.0248562,-0.00147839,0.499241,0.866105
1467,-97.4323,228.407,-7.81003,-0.0239879,-0.00397925,0.474331,0.88001
1468,-94.8023,231.791,-7.88019,-0.0317047,0.00284227,0.400306,0.915828
1469,-91.5255,234.322,-7.96562,-0.0355666,0.00120102,0.222731,0.97423
1470,-87.6361,235.226,-7.97442,-0.0372953,-0.00702848,0.00726144,0.999253
1471,-83.3539,234.461,-7.85206,-0.0298074,-0.0119937,-0.151008,0.98801
1472,-79.632,232.858,-7.71904,-0.0211436,-0.00385892,-0.219803,0.975307
1473,-76.044,230.921,-7.63239,-0.0219156,-0.00413058,-0.245695,0.969091
1474,-72.3939,228.785,-7.53931,-0.0266151,-0.00624105,-0.259032,0.965482
1475,-68.999,226.703,-7.42221,-0.026387,-0.00563697,-0.262519,0.96455
1476,-65.5761,224.563,-7.30471,-0.0277652,-0.006513,-0.269639,0.962539
1477,-62.1279,222.338,-7.17684,-0.0285623,-0.00968498,-0.272275,0.961747
1478,-58.7476,220.133,-7.01411,-0.0238717,-0.0134235,-0.272089,0.961882
1479,-55.3511,217.954,-6.83995,-0.0243296,-0.0127961,-0.271128,0.962151
1480,-51.9309,215.756,-6.69501,-0.0201514,-0.00289956,-0.270701,0.962448
1481,-48.2272,213.386,-6.60984,-0.018309,-0.00141441,-0.269606,0.962796
1482,-44.6017,211.076,-6.53084,-0.0218437,0.000572639,-0.274301,0.961396
1483,-41.1746,208.829,-6.4482,-0.0238429,-0.00146985,-0.278703,0.96008
1484,-37.7452,206.536,-6.35399,-0.0253884,-0.00582414,-0.286919,0.957601
1485,-34.4655,204.199,-6.20718,-0.0233908,-0.0122962,-0.304153,0.952257
1486,-31.1546,201.602,-6.01373,-0.0198273,0.00123593,-0.337915,0.940967
1487,-28.2561,198.789,-5.96337,-0.01876,0.0034404,-0.41914,0.907721
1488,-26.1679,195.341,-5.88078,-0.0230822,-0.00358905,-0.571429,0.820319
1489,-25.7063,191.197,-5.71757,-0.0163464,-0.0105651,-0.753963,0.656628
1490,-27.0088,187.423,-5.55933,-0.00562937,-0.00830181,-0.848616,0.528914
1491,-29.0725,183.916,-5.49301,0.00276198,0.00795046,0.870137,-0.492738
1492,-31.2422,180.533,-5.44004,0.00243024,0.00602076,0.875401,-0.483355
1493,-33.5479,177.112,-5.37716,0.00206502,0.00827437,0.878058,-0.478479
1494,-35.9261,173.609,-5.31992,0.0029129,0.00556743,0.879635,-0.475606
1495,-38.1951,170.317,-5.25726,0.0118543,0.00927114,0.880086,-0.474576
1496,-40.4823,166.945,-5.13742,0.00957367,0.00756076,0.87648,-0.481284
1497,-42.8879,163.269,-5.01087,0.00863141,0.00926468,0.871783,-0.489729
1498,-45.027,159.869,-4.88933,0.00971137,0.00720627,0.871802,-0.48971
1499,-47.3783,156.483,-4.77068,0.00125593,0.00175204,0.902386,-0.430924
1500,-50.3848,153.773,-4.75457,-0.00129528,-0.00114664,0.961281,-0.275563
1501,-54.2842,152.289,-4.77327,-0.00376736,-0.000670516,0.995487,-0.0948183
1502,-58.4201,152.302,-4.79753,0.000414705,0.00219616,0.996903,0.0786077
1503,-62.6027,153.658,-4.8194,-0.0187624,0.0111766,0.979716,0.199201
1504,-66.3994,155.71,-4.99658,-0.0141265,0.00540214,0.96495,0.261997
1505,-69.9329,157.956,-5.11687,-0.00986296,0.00336319,0.962241,0.272001
1506,-73.6736,160.381,-5.20367,-0.0108137,0.0055425,0.961861,0.273268
1507,-77.3986,162.812,-5.29605,-0.00976017,0.00536525,0.96151,0.274544
1508,-81.0725,165.215,-5.37444,-0.00940453,0.00590532,0.961338,0.275147
1509,-84.7924,167.651,-5.45273,-0.0205858,0.00725988,0.960471,0.277523
1510,-88.3999,170.041,-5.6432,-0.0234566,0.00826972,0.960517,0.277109
1511,-91.7201,172.217,-5.82887,-0.0185841,0.00469756,0.961004,0.275872
1512,-95.093,174.404,-5.96657,-0.0183395,0.00268854,0.961488,0.274223
1513,-98.855,176.812,-6.10912,-0.0182344,0.000900587,0.962478,0.270746
1514,-102.468,179.112,-6.23036,-0.0169533,0.000174861,0.963583,0.26687
1515,-105.893,181.289,-6.33755,-0.0115663,0.00815796,0.964566,0.263461
1516,-109.603,183.572,-6.43347,-0.0131343,0.00743095,0.961764,0.273461
1517,-113.028,186.098,-6.52249,-0.0270437,0.00999543,0.93381,0.356606
1518,-115.538,189.259,-6.7383,-0.0253761,-0.000238165,0.852209,0.522587
1519,-116.546,193.244,-6.881,-0.0229695,-0.00238442,0.719818,0.693778
1520,-115.73,197.404,-6.96723,-0.025,0.00161679,0.568612,0.822224
1521,-113.981,201.115,-7.07778,-0.0256736,0.00679765,0.554663,0.831651
1522,-112.709,205.275,-7.25026,-0.0213533,0.0108774,0.694601,0.718997
1523,-113.657,209.45,-7.43645,-0.0149226,0.0133181,0.871114,0.490672
1524,-116.405,212.532,-7.65463,-0.0314183,0.0217658,0.944426,0.326494
1525,-119.634,214.919,-7.91356,-0.0282293,0.0260559,0.956679,0.288599
1526,-122.944,217.202,-8.16543,-0.0287179,0.0236902,0.95936,0.279719
1527,-126.399,219.407,-8.4445,-0.0245538,0.0258537,0.971355,0.234943
1528,-130.324,220.827,-8.71899,-0.0180721,0.0332934,0.997524,0.0592495
1529,-134.666,220.678,-8.83658,0.00375085,0.030705,0.992063,-0.121879
1530,-138.935,218.947,-8.8065,-0.000168989,0.0373733,0.959493,-0.279241
1531,-142.35,216.302,-8.7433,-0.00404336,0.040677,0.923616,-0.381134
1532,-145.157,213.197,-8.66367,0.000177356,0.0396544,0.896243,-0.441787
1533,-147.891,209.546,-8.5387,0.00160482,0.0366573,0.882728,-0.468449
1534,-150.693,205.417,-8.37715,0.00267833,0.031599,0.877498,-0.478531
1535,-152.985,202.014,-8.26329,0.00385437,0.0310278,0.877388,-0.478763
1536,-155.396,198.453,-8.13476,0.00255366,0.0319396,0.876862,-0.479674
1537,-157.918,194.7,-8.01079,0.00162835,0.0317789,0.87622,-0.48086
1538,-160.509,190.82,-7.88675,0.000796554,0.0302425,0.875178,-0.482855
1539,-163.332,186.562,-7.77029,0.000968235,0.0320106,0.874434,-0.484086
1540,-166.102,182.362,-7.63412,-0.0012364,0.032304,0.873742,-0.485314
1541,-168.925,178.033,-7.50873,-0.000740977,0.0299375,0.873442,-0.486006
1542,-171.817,173.614,-7.37741,-0.00612185,0.0277834,0.873009,-0.486874
1543,-174.564,169.37,-7.27288,-0.00718144,0.0282677,0.872922,-0.486988
1544,-177.278,165.162,-7.17231,-0.00576101,0.0265128,0.872702,-0.487499
1545,-180.029,160.876,-7.07744,-0.00445076,0.0255587,0.872022,-0.488779
1546,-182.601,156.864,-6.96674,-0.00287699,0.0266051,0.869904,-0.492495
1547,-185.103,152.904,-6.87211,-0.00558741,0.0271076,0.867518,-0.496635
1548,-187.536,148.933,-6.77599,0.00961605,-0.0297071,-0.864261,0.502073
1549,-189.866,145.004,-6.69255,0.00767769,-0.0296592,-0.860977,0.507722
1550,-192.136,141.04,-6.59479,0.0107695,-0.0315539,-0.855361,0.516958
1551,-194.212,137.142,-6.53535,0.00524086,-0.0288705,-0.849025,0.527535
1552,-196.31,133.002,-6.42128,0.0042301,-0.0321415,-0.841413,0.539419
1553,-198.112,129.161,-6.30655,0.0131645,-0.0270672,-0.833058,0.552366
1554,-199.882,125.062,-6.26455,0.0107223,-0.0305806,-0.824715,0.56462
1555,-201.491,120.997,-6.17846,0.0104474,-0.0323575,-0.816081,0.576937
1556,-203.031,116.763,-6.07432,0.0107347,-0.0328684,-0.807358,0.589048
1557,-204.417,112.546,-5.96909,0.00892869,-0.0344807,-0.798479,0.60097
1558,-205.657,108.343,-5.8372,0.0115016,-0.0320588,-0.789903,0.612286
1559,-206.769,104.2,-5.73504,0.00914802,-0.0339028,-0.781367,0.623083
1560,-207.777,100.037,-5.60927,0.0120238,-0.0336807,-0.772978,0.633424
1561,-208.634,95.9439,-5.50201,0.0118093,-0.0318102,-0.764527,0.643698
1562,-209.4,91.7957,-5.39169,0.0105382,-0.0307162,-0.756081,0.653672
1563,-210.065,87.5887,-5.27524,0.00985797,-0.0316736,-0.747057,0.663932
1564,-210.606,83.4953,-5.15079,0.0115713,-0.0325972,-0.737991,0.673924
1565,-211.03,79.4211,-5.02813,0.0144433,-0.0333288,-0.728606,0.683968
1566,-211.333,75.4296,-4.92289,0.0156195,-0.0336615,-0.718793,0.694233
1567,-211.521,71.3989,-4.81387,0.014131,-0.0347792,-0.708006,0.705208
1568,-211.56,66.434,-4.6575,0.010906,-0.0321392,-0.693566,0.719593
1569,-211.401,61.3938,-4.48961,0.010805,-0.0336104,-0.680658,0.73175
1570,-211.102,56.706,-4.30756,0.0107479,-0.0311091,-0.670252,0.741403
1571,-210.694,52.0465,-4.13595,0.0125145,-0.0296795,-0.661525,0.749231
1572,-210.195,47.5892,-3.98492,0.012329,-0.0297366,-0.650913,0.758469
1573,-209.578,43.2759,-3.8231,0.0185407,-0.0236021,-0.638199,0.769286
1574,-208.701,38.6389,-3.72958,0.00386818,-0.0269919,-0.624523,0.78053
1575,-207.749,34.2759,-3.52177,0.0104766,-0.0232357,-0.610046,0.791957
1576,-206.741,30.2638,-3.38734,0.0117773,-0.0258298,-0.597303,0.801512
1577,-205.524,26.0202,-3.23322,0.0111829,-0.0215347,-0.58883,0.807893
1578,-204.335,22.1163,-3.11143,0.00909491,-0.0191375,-0.580958,0.813658
1579,-203.043,18.2334,-3.00502,-0.00125294,-0.0276945,-0.57154,0.820106
1580,-201.54,14.1527,-2.83013,0.0012963,-0.0251295,-0.537997,0.842571
1581,-199.474,10.4567,-2.64891,-0.00440481,-0.0248481,-0.442034,0.896643
1582,-196.504,7.32922,-2.45369,-0.0102691,-0.0215318,-0.32426,0.945667
1583,-192.987,5.13686,-2.29264,-0.0105665,-0.0239799,-0.204266,0.978565
1584,-188.75,3.8354,-2.08458,-0.00613121,-0.0119533,-0.0725077,0.997277
1585,-184.608,3.6282,-1.99571,-0.00557689,-0.00720583,0.0428698,0.999039
1586,-180.248,4.35228,-1.92511,-0.00431755,0.00753806,0.139468,0.990188
1587,-175.836,5.86474,-1.95259,-0.00301804,-0.00522012,0.193745,0.981033
1588,-171.89,7.40785,-1.92456,0.0010095,-0.00459693,0.19934,0.979919
1589,-167.972,8.97387,-1.86778,-0.0010075,-0.00354492,0.199192,0.979954
1590,-163.995,10.5532,-1.82872,-0.000471316,-0.00625048,0.199657,0.979846
1591,-159.9,12.1913,-1.76971,-0.000657559,-0.00623184,0.201276,0.979514
1592,-155.686,13.8913,-1.7045,0.00137193,-0.00397922,0.203864,0.97899
1593,-151.953,15.4344,-1.65572,0.00250897,-0.00317296,0.207557,0.978215
1594,-147.858,17.171,-1.62497,-0.000363958,-0.00398287,0.211206,0.977433
1595,-143.368,19.1124,-1.58454,-0.00046788,-0.00444157,0.212798,0.977086
1596,-138.823,21.0923,-1.52769,-0.00338358,-0.00232552,0.213233,0.976993
1597,-135.11,22.6805,-1.49726,-0.00292991,-0.00276896,0.212924,0.97706
1598,-130.514,24.6585,-1.45894,-0.00233202,-0.00106108,0.21311,0.977025
1599,-125.937,26.6225,-1.43198,-0.00252695,-0.00170352,0.212533,0.977149
1600,-121.222,28.6346,-1.39355,0.00082087,-0.000669979,0.211139,0.977455
1601,-116.688,30.5485,-1.36127,-0.000344694,-0.0024716,0.209817,0.977738
1602,-112.121,32.4633,-1.31666,-0.00076476,-0.00189231,0.208768,0.977963
1603,-107.598,34.3658,-1.28395,0.000206349,-0.00182267,0.20747,0.97824
1604,-103.04,36.2298,-1.23168,0.00516096,-0.00658245,0.202108,0.979327
1605,-98.5371,38.0322,-1.15528,-0.000633101,-0.00800649,0.195408,0.980689
1606,-94.1777,39.6946,-1.04984,-0.00279885,-0.00720632,0.189789,0.981795
1607,-89.6206,41.3702,-0.957816,-0.000986188,-0.00794348,0.184879,0.982729
1608,-85.3899,42.8949,-0.867935,-0.0050436,-0.00930512,0.179489,0.983703
1609,-80.9427,44.3888,-0.786204,0.00218906,-0.00820622,0.170306,0.985355
1610,-76.7125,45.7227,-0.685594,0.00154558,-0.00829196,0.157179,0.987534
1611,-72.5517,46.917,-0.585792,-0.000695027,-0.00757525,0.144274,0.989509
1612,-68.3149,48.0276,-0.50033,-0.00138712,-0.00735098,0.132313,0.99118
1613,-64.0981,48.9967,-0.43423,-0.00132801,-0.00901129,0.116423,0.993158
1614,-59.8687,49.8292,-0.351942,-0.00218504,-0.00806735,0.100729,0.994879
1615,-55.643,50.5317,-0.271403,-0.00373378,-0.00749818,0.0835961,0.996465
1616,-51.3289,51.0992,-0.191082,-0.00421775,-0.00875582,0.069881,0.997508
1617,-46.9997,51.5265,-0.107265,-0.00289709,-0.00787768,0.0514809,0.998639
1618,-42.6848,51.7917,-0.0410054,-0.00233931,-0.0070498,0.0315427,0.999475
1619,-38.31,51.8759,0.0351873,0.000522472,-0.00766888,0.0136368,0.999877
1620,-33.9721,51.8124,0.112634,0.00153836,-0.00846235,-0.00327619,0.999958
1621,-29.5849,51.6226,0.187877,0.00115838,-0.00476161,-0.0179339,0.999827
1622,-25.1381,51.3239,0.240443,-0.00395977,-0.00413302,-0.0292413,0.999556
1623,-20.7473,50.9155,0.282859,-0.00721392,0.000521681,-0.0401641,0.999167
1624,-16.3553,50.4358,0.281441,-0.00616086,0.00319005,-0.0461634,0.99891
1625,-11.8754,49.86,0.258981,-0.00135494,-0.000475591,-0.0541298,0.998533
1626,-7.5385,49.2188,0.256621,-0.000272975,0.00515253,-0.0680695,0.997667
1627,-3.11405,48.4179,0.225749,0.00172876,0.00776265,-0.0856661,0.996292
1628,1.22193,47.514,0.183867,0.0021578,0.00500339,-0.0984682,0.995125
1629,5.55212,46.4709,0.149666,0.00298509,0.00839808,-0.116061,0.993202
1630,9.96254,45.2195,0.0860782,0.00326578,0.00928251,-0.137828,0.990407
1631,13.9672,43.8526,0.0310333,0.00333009,0.00928226,-0.166156,0.98605
1632,17.9937,42.2332,-0.031177,0.000694517,0.00828669,-0.190505,0.981651
1633,21.9088,40.4903,-0.0936582,0.00160294,0.00881109,-0.202292,0.979284
1634,25.8474,38.6481,-0.154733,0.0040497,0.0111043,-0.208813,0.977884
1635,29.6383,36.8321,-0.234854,0.00535172,0.00944025,-0.212882,0.977018
1636,33.3909,35.0243,-0.294284,0.00160148,0.0144403,-0.217457,0.975962
1637,37.5969,32.8984,-0.394996,0.00378714,0.0140239,-0.22221,0.974891
1638,41.3214,30.9729,-0.488344,0.00717508,0.0154303,-0.227421,0.973648
1639,44.8675,29.064,-0.587772,0.00503612,0.0161517,-0.250501,0.967969
1640,48.3475,26.5827,-0.707328,0.00354457,0.0179325,-0.366349,0.930298
1641,50.762,22.9948,-0.86174,-0.0227252,0.0151432,-0.57619,0.816859
1642,51.1354,18.5578,-0.809543,-0.0150296,0.0119634,-0.737897,0.67464
1643,50.2702,14.6293,-0.772281,-0.0131134,0.0116726,-0.798702,0.601472
1644,48.829,10.7676,-0.730948,-0.0163763,0.0152928,-0.837315,0.546259
1645,46.7942,7.33151,-0.6659,0.0113539,-0.0142451,0.890641,-0.454344
1646,43.8378,4.44033,-0.608607,0.0129331,-0.0122981,0.951517,-0.307079
1647,39.9303,2.52662,-0.499971,0.0132413,-0.00553974,0.985327,-0.170069
1648,35.6585,1.59761,-0.379781,0.00829812,-0.000922645,0.996751,-0.080116
1649,31.3345,1.07656,-0.291716,0.011889,0.000836027,0.997973,-0.0625248
1650,27.1171,0.636048,-0.185643,0.00804828,-0.00155697,0.998203,-0.0593505
1651,23.0583,0.238433,-0.10139,0.000559099,0.00300543,0.997988,-0.0633375
1652,18.9936,-0.257725,-0.0818209,-0.000514795,-0.00486645,0.997724,-0.067253
1653,14.8575,-0.581091,-0.0381778,-0.0072524,0.000510746,0.999903,0.0118481
1654,10.9651,0.463249,-0.0747393,0.00406279,-0.00340237,0.9642,0.265125
1655,8.06559,3.59592,-0.0499039,-0.00144173,0.00288179,0.862399,0.506219
1656,6.76425,7.36877,-0.0726498,-0.00496515,0.000155559,0.777112,0.629343
1657,6.38479,11.455,-0.103794,-0.00173236,0.00205088,0.716682,0.697395
1658,6.51076,15.6581,-0.0885485,-0.00235316,0.00575425,0.698458,0.715625
1659,6.67522,19.8972,-0.117941,0.00189629,0.00964362,0.694562,0.719366
1660,7.00756,24.1068,-0.15978,0.00385239,0.0136427,0.724807,0.688806
