id,x,y,z,qx,qy,qz,qw
0,-4.74043e-09,2.21916e-08,-1.35548e-10,-3.39229e-07,2.52386e-08,-2.24559e-06,1
1,4.15448,-0.0665452,0.000389485,-0.0107803,0.00867304,-0.00190985,0.999902
2,8.3125,-0.179519,-0.0164195,-0.00820592,0.00814469,0.00147273,0.999932
3,12.6001,-0.187315,-0.0963977,-0.0102874,-0.00755156,0.0174058,0.999767
4,16.787,-0.110126,-0.0728707,-0.00249884,0.00268484,0.0264158,0.999644
5,20.935,0.0217876,-0.0974715,-0.008974,0.00307163,0.023553,0.999678
6,25.4523,0.103032,-0.143636,-0.00502708,0.0108605,0.0186342,0.999755
7,29.5253,0.139163,-0.217096,-0.00703525,0.0156481,0.0175769,0.999698
8,34.0055,0.253295,-0.324596,-0.00488774,0.0143656,0.0408266,0.999051
9,38.2929,0.778011,-0.42489,0.00398666,0.0178492,0.12696,0.991739
10,42.1824,2.28193,-0.562037,0.00529191,0.0136152,0.261025,0.965221
11,45.6445,4.85583,-0.637615,0.00877635,0.0162357,0.393207,0.919265
12,48.135,8.10408,-0.682145,0.00796148,0.0173852,0.504507,0.863196
13,50.0456,11.9808,-0.734817,0.00529042,0.0144735,0.55425,0.832208
14,51.5777,15.7192,-0.781071,0.00142413,0.010516,0.575274,0.817892
15,52.8211,19.5611,-0.82404,-0.00459572,0.0115383,0.670778,0.741554
16,52.3632,23.8673,-0.834939,0.0171604,-0.00568986,0.830589,0.556593
17,50.2971,27.3019,-0.721367,0.0140396,0.00307248,0.914391,0.404577
18,47.2072,30.1709,-0.644467,0.013895,0.0142884,0.95336,0.301179
19,43.5918,32.5754,-0.572767,0.0169315,0.0161347,0.96437,0.263522
20,39.9523,34.7816,-0.48814,0.0128906,0.0176765,0.967997,0.250008
21,35.9266,37.0583,-0.422037,0.0199713,0.0182444,0.970552,0.239368
22,32.3605,38.9838,-0.314719,0.0131447,0.0169824,0.972775,0.230753
23,28.5591,40.9127,-0.236266,0.0124664,0.0136556,0.976156,0.216281
24,24.3984,42.8759,-0.158004,0.0105321,0.0153326,0.980211,0.197081
25,20.3224,44.6354,-0.0918969,0.0119315,0.0192607,0.983193,0.181159
26,15.8998,46.3652,-0.0183966,0.0108994,0.0194153,0.985698,0.167045
27,11.3294,48.0084,0.0376125,0.00937402,0.019299,0.988153,0.151966
28,7.42843,49.2751,0.0840138,0.00872747,0.019548,0.99038,0.136711
29,2.60643,50.63,0.150927,0.00482685,0.0163996,0.992925,0.117502
30,-2.19483,51.8077,0.190224,0.00334501,0.0175146,0.99479,0.100373
31,-6.83197,52.7951,0.230972,0.00100993,0.0167193,0.99598,0.0879958
32,-11.6411,53.7066,0.252857,-0.000347687,0.0158999,0.996894,0.0771254
33,-16.2704,54.4694,0.256329,-0.00294389,0.0176421,0.997939,0.0616346
34,-20.7965,55.0742,0.240959,-0.00598945,0.0167205,0.998729,0.0471826
35,-25.2804,55.5552,0.209096,-0.00924695,0.0192672,0.999216,0.0333268
36,-29.5585,55.888,0.147712,-0.00832035,0.0236804,0.99952,0.0181364
37,-33.7999,56.0734,0.110983,-0.0135098,0.0217421,0.999672,0.00105187
38,-38.5097,56.0875,0.0128318,-0.0140475,0.0210933,0.99949,-0.0194107
39,-42.7442,55.9405,-0.069746,-0.0135434,0.0165285,0.999034,-0.0383923
40,-47.1916,55.6338,-0.112236,-0.0214404,0.0240937,0.997714,-0.0593847
41,-51.314,55.1624,-0.22823,-0.0173503,0.016436,0.997457,-0.0671367
42,-55.3935,54.7215,-0.314319,-0.0139425,0.0180853,0.998817,-0.0429261
43,-59.517,55.0053,-0.440185,-0.0191236,0.0146369,0.992484,0.119977
44,-63.0754,56.8338,-0.619797,0.0102693,-0.0145642,0.923358,0.383528
45,-65.4797,60.3379,-0.591374,-0.0335489,-0.00217701,0.859172,0.510583
46,-67.2557,64.1935,-0.813866,-0.0317215,-0.00551807,0.833825,0.551089
47,-68.7503,68.3486,-1.0062,-0.0443712,-0.00356921,0.806596,0.589423
48,-69.6653,72.3064,-1.25835,-0.0174772,-0.00844156,0.774106,0.632758
49,-70.2199,76.4975,-1.27762,0.00472915,-0.0251679,0.733046,0.679697
50,-70.1424,80.5874,-1.09808,-0.0116424,-0.0108777,0.678324,0.73459
51,-69.4296,84.8085,-1.12854,-0.028408,0.0104776,0.619982,0.784032
52,-67.7995,88.9001,-1.33836,-0.0345965,0.00951674,0.509202,0.859899
53,-65.3513,92.1428,-1.51415,-0.0297076,0.00647048,0.421297,0.906413
54,-62.4458,95.2735,-1.65958,-0.0282616,0.0060876,0.40898,0.912085
55,-59.4862,98.5598,-1.80775,-0.0288924,0.00887552,0.422135,0.906029
56,-56.6472,101.925,-1.97761,-0.0323693,0.0131855,0.435428,0.899545
57,-53.7488,105.469,-2.19152,-0.0316386,0.00810036,0.44152,0.896657
58,-50.8445,109.101,-2.37378,-0.0318649,0.00973774,0.446576,0.894125
59,-47.9361,112.873,-2.57486,-0.0351198,0.0131945,0.45154,0.891462
60,-45.5375,116.05,-2.76607,-0.036178,0.0117606,0.458848,0.8877
61,-42.8173,119.789,-3.01056,-0.0364909,0.0127203,0.466414,0.883722
62,-40.1841,123.548,-3.23064,-0.0375845,0.00624888,0.46988,0.881908
63,-37.6196,127.201,-3.39602,-0.0407945,-0.00110859,0.467394,0.883107
64,-35.1068,130.734,-3.53335,-0.0406022,-0.0005776,0.466382,0.883651
65,-32.4757,134.431,-3.66806,-0.0384585,-0.00241173,0.471072,0.881253
66,-29.7933,138.316,-3.79817,-0.0373031,-0.00314373,0.478023,0.877549
67,-27.2331,142.146,-3.9226,-0.0353797,-0.00184298,0.485476,0.873532
68,-24.7588,146.007,-4.03245,-0.0366155,0.000828007,0.489758,0.871089
69,-22.5211,149.409,-4.14035,-0.0353874,0.00036534,0.481235,0.875877
70,-20.1895,152.995,-4.24116,-0.0332604,-0.000651069,0.495221,0.86813
71,-18.0178,156.851,-4.34875,-0.035998,0.00150043,0.538959,0.841561
72,-16.5179,160.952,-4.51581,-0.0342586,0.00546772,0.645627,0.762865
73,-16.5031,165.045,-4.73248,-0.0315738,0.00765592,0.787389,0.615599
74,-18.2419,168.972,-4.99829,-0.00863875,0.0116733,0.895272,0.445284
75,-21.2168,172.012,-5.04486,0.000700708,0.00628547,0.952548,0.304323
76,-24.6414,174.188,-5.08909,-0.0278361,0.0160437,0.959768,0.27895
77,-27.7703,176.876,-5.30485,-0.0166334,0.00352513,0.883284,0.46853
78,-28.905,181.005,-5.42402,-0.0155766,-0.000620132,0.679702,0.733323
79,-27.443,184.949,-5.48796,-0.0173281,0.00515585,0.495667,0.868324
80,-25.0214,188.378,-5.60387,-0.021301,0.0100213,0.458139,0.888569
81,-22.6336,191.582,-5.74781,-0.0211852,0.0090373,0.460073,0.887583
82,-20.1798,194.954,-5.88426,-0.0224428,0.0103119,0.467364,0.88372
83,-17.7825,198.408,-6.03195,-0.0244752,0.00986305,0.480778,0.876445
84,-15.5723,201.87,-6.16804,-0.0194207,0.00618503,0.52073,0.853478
85,-14.0593,205.938,-6.29866,-0.0139196,0.00872866,0.658617,0.752299
86,-14.2447,210.085,-6.41854,-0.00772451,0.0116101,0.808137,0.588828
87,-16.3086,213.793,-6.52158,-0.000324115,0.0151496,0.918353,0.395472
88,-19.5423,216.407,-6.54097,-0.0140064,0.0152813,0.961936,0.272488
89,-22.9695,218.472,-6.68722,-0.0193416,0.0122451,0.966024,0.257434
90,-26.5723,220.769,-6.85086,-0.0105275,0.00668411,0.957851,0.286996
91,-30.1374,223.373,-6.96966,-0.0132595,0.00556347,0.950666,0.309882
92,-33.3159,225.843,-7.07566,-0.0104469,0.0078399,0.950008,0.311951
93,-36.6308,228.393,-7.17137,-0.00924003,0.0135451,0.951832,0.306183
94,-40.018,230.903,-7.25896,-0.00539502,0.015621,0.954678,0.297183
95,-43.612,233.425,-7.35213,-0.0205861,0.0183851,0.957615,0.286727
96,-47.2829,235.897,-7.55962,-0.0172742,0.0131969,0.959308,0.281522
97,-50.9421,238.334,-7.71712,-0.0156121,0.0093791,0.959964,0.279533
98,-54.4828,240.686,-7.85529,-0.0165747,0.01222,0.960109,0.278867
99,-58.0708,243.052,-8.0098,-0.0186304,0.0114064,0.960608,0.277048
100,-61.7683,245.489,-8.16628,-0.0165898,0.0132801,0.960854,0.276238
101,-65.1243,247.676,-8.30245,-0.00758234,0.0168282,0.964503,0.26343
102,-68.8195,249.841,-8.38693,-0.0107567,0.0249242,0.9755,0.218318
103,-72.914,251.375,-8.5368,-0.0191958,0.0287201,0.994781,0.0960047
104,-77.0612,251.673,-8.68051,-0.0125053,0.033856,0.997633,-0.0585373
105,-81.123,250.618,-8.71214,-0.0096716,0.0305912,0.972509,-0.230648
106,-84.478,248.29,-8.652,0.000407843,0.0254628,0.914821,-0.403057
107,-86.7601,244.818,-8.5146,-0.0153401,-0.0253423,-0.794959,0.60594
108,-86.9391,240.623,-8.28966,-0.0188367,-0.0283824,-0.603584,0.796571
109,-85.0521,236.973,-8.02808,-0.022139,-0.0213794,-0.411921,0.9107
110,-81.9285,234.08,-7.79865,-0.0220645,-0.0112416,-0.313544,0.949251
111,-78.3918,231.58,-7.66162,-0.020601,-0.00444113,-0.277982,0.960355
112,-74.772,229.262,-7.56091,-0.0264247,-0.00490164,-0.269163,0.96272
113,-70.8704,226.803,-7.43626,-0.0266971,-0.00655587,-0.269567,0.962589
114,-67.4506,224.626,-7.31536,-0.0290015,-0.00580569,-0.268287,0.962885
115,-63.9698,222.426,-7.1848,-0.0284962,-0.00655769,-0.267382,0.963147
116,-60.3739,220.122,-7.04747,-0.0248131,-0.0138216,-0.269434,0.9626
117,-56.9245,217.92,-6.87809,-0.0240197,-0.0152154,-0.271646,0.961977
118,-53.3875,215.635,-6.67757,-0.0209298,0.000263505,-0.276709,0.960726
119,-50.0589,213.392,-6.60376,-0.0193986,-0.000892767,-0.280906,0.959539
120,-46.2905,210.85,-6.52322,-0.0215587,-0.00150082,-0.285054,0.958268
121,-42.63,208.373,-6.42373,-0.0235896,-0.00073135,-0.280467,0.959573
122,-38.9752,205.972,-6.31347,-0.0253817,-0.000689133,-0.274845,0.961153
123,-35.6267,203.757,-6.2012,-0.0221223,-0.0110668,-0.278006,0.960261
124,-32.0339,201.377,-6.01222,-0.021681,-0.00203605,-0.289306,0.956989
125,-28.7448,198.887,-5.94858,-0.0156566,0.00492941,-0.36033,0.93268
126,-26.227,195.666,-5.88562,-0.024197,-0.00174548,-0.536728,0.843406
127,-25.5874,191.601,-5.72964,-0.0185112,-0.00914952,-0.74762,0.663807
128,-26.9726,187.871,-5.57601,-0.00663113,-0.00966223,-0.862333,0.506206
129,-29.1901,184.598,-5.50526,0.00264855,0.00888675,0.885866,-0.463849
130,-31.6949,181.076,-5.45053,0.00319915,0.00743285,0.881191,-0.47269
131,-34.0394,177.617,-5.38648,0.00221953,0.00712083,0.874291,-0.485345
132,-36.3503,174.02,-5.32566,0.00588435,0.00343576,0.875378,-0.483392
133,-38.7421,170.439,-5.2472,0.0131902,0.00521309,0.878102,-0.478265
134,-41.0926,166.96,-5.12927,0.0106284,0.00541372,0.876226,-0.481753
135,-43.2935,163.595,-5.01277,0.00965976,0.00750442,0.871357,-0.490496
136,-45.4696,160.104,-4.8807,0.00852904,0.00593472,0.869202,-0.494348
137,-47.7193,156.687,-4.75976,0.000415008,0.00194777,0.893924,-0.448215
138,-50.7412,153.758,-4.74298,-0.00237218,-0.00235463,0.958991,-0.283415
139,-54.5109,152.357,-4.77099,-0.00277549,-0.00231277,0.997167,-0.075128
140,-58.4881,152.593,-4.79618,0.000327188,0.0026606,0.994629,0.103472
141,-62.577,154.094,-4.8265,-0.0188499,0.0103127,0.97759,0.209421
142,-66.423,156.136,-5.00374,-0.0138986,0.00322281,0.968238,0.249623
143,-69.8974,158.235,-5.11414,-0.00990775,0.00354792,0.96466,0.263288
144,-73.4695,160.485,-5.1982,-0.0112574,0.00523661,0.963554,0.267229
145,-77.1147,162.808,-5.28872,-0.010109,0.00613326,0.962512,0.270981
146,-80.7849,165.188,-5.36776,-0.00845931,0.00589246,0.961362,0.275095
147,-84.5126,167.632,-5.44773,-0.018488,0.00655863,0.960248,0.278459
148,-87.8219,169.845,-5.61474,-0.0217812,0.00739619,0.959262,0.281582
149,-91.1546,172.104,-5.79499,-0.0195665,0.00481144,0.958571,0.284138
150,-94.9053,174.664,-5.96133,-0.0186253,0.00201327,0.9579,0.28649
151,-98.5135,177.159,-6.09427,-0.0178121,0.00199884,0.957321,0.288474
152,-101.945,179.56,-6.21051,-0.0180188,0.00302632,0.956569,0.290933
153,-105.544,182.11,-6.34493,-0.0122544,0.00529922,0.956351,0.291915
154,-108.802,184.417,-6.43398,-0.0132739,0.00718873,0.956948,0.289866
155,-112.178,186.674,-6.52219,-0.0212519,0.0122732,0.968133,0.249231
156,-116.235,188.417,-6.71513,-0.0181292,0.0155739,0.994505,0.101929
157,-120.614,188.534,-6.85075,-0.0168204,0.0149639,0.993627,-0.110441
158,-124.554,186.723,-6.94272,-0.00983399,0.0163852,0.93642,-0.350359
159,-127.046,183.5,-6.92525,-0.00209759,-0.0234284,-0.830303,0.556815
160,-127.866,179.118,-6.76172,-0.00548446,-0.0248203,-0.684095,0.728951
161,-127.021,175.093,-6.56697,-0.00688426,-0.0236376,-0.544601,0.838334
162,-124.783,171.38,-6.35009,-0.00636271,-0.0233912,-0.414816,0.909582
163,-121.778,168.509,-6.17845,-0.0111667,-0.00277834,-0.315767,0.948767
164,-118.197,166.125,-6.1162,-0.015146,-0.00733537,-0.251898,0.967607
165,-114.258,163.932,-5.99752,-0.0230851,-0.00678249,-0.247114,0.968688
166,-110.805,161.884,-5.88367,-0.0217286,-0.00709814,-0.258771,0.965668
167,-107.339,159.743,-5.7683,-0.0213268,-0.00854789,-0.267987,0.963149
168,-103.725,157.388,-5.63137,-0.0185848,-0.0127415,-0.27848,0.960178
169,-100.266,155.037,-5.46826,-0.0165255,-0.0176839,-0.286947,0.957641
170,-96.7719,152.589,-5.26387,-0.0118052,-0.0116005,-0.291687,0.95637
171,-93.1776,150.034,-5.15348,-0.00957517,-0.00185417,-0.29582,0.955194
172,-89.6901,147.516,-5.09971,-0.0143842,-0.00592363,-0.29886,0.95417
173,-86.1827,144.969,-4.99776,-0.0162555,-0.00437702,-0.298622,0.954223
174,-82.7321,142.476,-4.90106,-0.0145232,-0.00730291,-0.296283,0.954962
175,-79.4979,140.139,-4.78389,-0.0144527,-0.0087303,-0.289434,0.957049
176,-75.8259,137.77,-4.65077,-0.00996161,-0.0152227,-0.230748,0.972844
177,-71.8284,136.132,-4.49991,-0.00497221,0.00195244,-0.120616,0.992685
178,-67.7726,135.539,-4.50054,-0.00600896,0.00480032,0.00434157,0.999961
179,-63.6157,136.035,-4.51035,-0.0131455,0.00778819,0.147602,0.988929
180,-59.7325,137.796,-4.56639,-0.0189851,0.00731849,0.298689,0.954134
181,-56.5735,140.609,-4.64555,-0.0113075,-0.00265511,0.43327,0.901189
182,-54.1236,143.858,-4.6749,-0.0138261,-0.00605171,0.466891,0.884186
183,-51.7578,147.305,-4.69841,-0.0151345,-0.00698916,0.481105,0.876505
184,-49.5047,150.7,-4.70396,-0.0129323,-0.0046528,0.483845,0.875046
185,-47.1043,154.313,-4.72382,-0.0148568,0.00337167,0.48125,0.876451
186,-44.6342,158.005,-4.82794,-0.019391,0.00834537,0.479471,0.877304
187,-42.3514,161.404,-4.93417,-0.0202491,0.00908604,0.480388,0.876775
188,-40.1253,164.734,-5.0472,-0.0223375,0.00759505,0.479941,0.876984
189,-37.8796,168.091,-5.15691,-0.0255777,0.0045733,0.481384,0.876125
190,-35.7362,171.481,-5.26814,-0.0161256,0.00214361,0.535389,0.844449
191,-34.5405,175.322,-5.35128,-0.00929362,0.00530256,0.690198,0.723541
192,-35.0192,179.332,-5.428,0.00051615,0.00963357,0.830237,0.557327
193,-37.1746,182.833,-5.46847,0.0152183,0.00724097,0.918176,0.395814
194,-40.3417,185.62,-5.37953,0.0223235,0.00516337,0.952482,0.303731
195,-43.7532,187.974,-5.21045,0.0196809,0.00480455,0.960769,0.276608
196,-47.4083,190.339,-5.07412,0.013702,0.00414367,0.961812,0.27334
197,-50.7985,192.544,-4.98462,0.0162396,0.00215576,0.961365,0.274786
198,-54.1593,194.749,-4.87908,0.0143746,0.00461149,0.961658,0.273835
199,-57.6628,197.039,-4.7873,0.0135101,0.00488114,0.961261,0.275264
200,-61.1684,199.341,-4.68429,0.0103378,0.00754016,0.960917,0.276542
201,-64.6036,201.612,-4.60919,0.0107621,0.00651655,0.961187,0.275609
202,-68.2242,203.982,-4.53465,0.00953365,0.00554575,0.961459,0.274727
203,-71.6704,206.238,-4.46277,0.0102083,0.0059891,0.961342,0.275101
204,-75.1539,208.517,-4.40143,0.0112954,0.0057674,0.961515,0.27446
205,-78.5545,210.736,-4.32509,0.00746737,0.0076801,0.961796,0.273557
206,-82.2424,213.106,-4.26117,0.00322075,0.00850886,0.963157,0.268788
207,-85.6951,215.292,-4.20518,0.00569981,0.00702845,0.963568,0.267312
208,-89.169,217.535,-4.15301,0.000356846,0.00696694,0.957429,0.288583
209,-92.4278,220.069,-4.2188,-0.0283287,0.0110149,0.929254,0.368189
210,-94.8791,223.588,-4.46288,-0.0275214,0.00100593,0.825951,0.563071
211,-95.3232,227.955,-4.64021,-0.0326467,-0.00365582,0.641773,0.766191
212,-93.5132,231.649,-4.74826,-0.0361449,0.00244611,0.412061,0.910436
213,-89.8447,233.982,-4.827,-0.0396799,-0.00552014,0.147573,0.988239
214,-85.7959,234.186,-4.76332,-0.0335621,-0.0121362,-0.0764488,0.996435
215,-82.0184,232.892,-4.59417,-0.0255807,-0.00487889,-0.216529,0.975929
216,-78.2704,230.713,-4.49244,-0.0251226,-0.00563615,-0.269171,0.962748
217,-74.8853,228.536,-4.40763,-0.0282098,-0.00677884,-0.273523,0.961428
218,-71.3221,226.239,-4.2719,-0.0294615,-0.000970935,-0.274079,0.961255
219,-67.6489,223.868,-4.14957,-0.0321595,-0.00554292,-0.272688,0.961549
220,-64.09,221.572,-3.9866,-0.0306947,-0.0102294,-0.27,0.962316
221,-60.5744,219.334,-3.82526,-0.02636,-0.0128811,-0.267831,0.963019
222,-57.093,217.141,-3.66669,-0.0226841,-0.00840118,-0.26547,0.963816
223,-53.5811,214.955,-3.51988,-0.0206995,-0.00206372,-0.264541,0.96415
224,-50.1215,212.801,-3.42795,-0.0222924,-0.0035155,-0.266242,0.963642
225,-46.6733,210.619,-3.34331,-0.0243807,-0.00350447,-0.271045,0.962251
226,-42.8851,208.133,-3.26607,-0.0244725,-0.00155991,-0.284194,0.958453
227,-39.45,205.694,-3.15622,-0.0252382,-0.00438628,-0.305236,0.951932
228,-36.2276,203.185,-3.0069,-0.0207603,-0.00574443,-0.315197,0.948782
229,-32.7332,200.555,-2.85842,-0.0193158,-0.00749747,-0.28231,0.959099
230,-29.1026,198.502,-2.78054,-0.0126705,0.0060482,-0.176203,0.984254
231,-25.0253,197.656,-2.8055,-0.0169571,0.00208303,0.0144937,0.999749
232,-20.7503,198.601,-2.83459,-0.0192498,0.00314772,0.232164,0.972481
233,-17.3618,201.121,-2.91282,-0.0178577,0.006633,0.428472,0.903354
234,-15.313,204.748,-3.03853,-0.0194229,0.012358,0.603069,0.797357
235,-14.8449,208.889,-3.21549,-0.0150672,0.0134407,0.752051,0.658795
236,-16.1452,213.015,-3.3714,-0.00345406,0.0155392,0.871971,0.489299
237,-18.6756,216.092,-3.43218,-0.00603477,0.015977,0.935598,0.352653
238,-21.8222,218.545,-3.54222,-0.0122348,0.0148448,0.956751,0.290272
239,-25.3366,220.87,-3.67145,-0.012588,0.0117555,0.962332,0.271334
240,-28.9438,223.139,-3.78007,-0.0127417,0.0131381,0.964549,0.263268
241,-32.6039,225.398,-3.87715,-0.00833796,0.0123354,0.965326,0.260622
242,-36.2508,227.621,-3.97608,-0.00824032,0.0124675,0.965261,0.260857
243,-39.9351,229.898,-4.08284,-0.0103508,0.0145598,0.964202,0.264564
244,-43.6625,232.226,-4.19961,-0.0181016,0.0143307,0.963276,0.267517
245,-47.3305,234.557,-4.34983,-0.0196371,0.0159752,0.962595,0.269761
246,-51.0887,236.944,-4.52555,-0.0198332,0.012994,0.96208,0.271732
247,-54.8046,239.343,-4.72799,-0.0154231,0.0105698,0.961931,0.272651
248,-58.4432,241.71,-4.87329,-0.00993512,0.00958778,0.960988,0.276246
249,-62.0318,244.091,-4.96842,-0.0161992,0.0117511,0.959474,0.281086
250,-65.4353,246.413,-5.07404,-0.0133166,0.014751,0.958175,0.285491
251,-68.9051,248.828,-5.18977,-0.0136203,0.0206211,0.959235,0.281525
252,-72.3691,250.915,-5.35969,-0.0186976,0.0242748,0.978217,0.205312
253,-76.535,252.056,-5.51544,-0.00887455,0.0257365,0.999516,0.0150919
254,-80.6849,251.463,-5.53724,-0.00376191,0.0265836,0.979815,-0.1981
255,-84.2041,249.159,-5.46874,-0.000293798,0.0235534,0.914078,-0.404854
256,-86.6761,245.677,-5.36852,-0.00511961,-0.0227062,-0.863588,0.503664
257,-88.732,242.162,-5.22843,-0.00579559,-0.0237412,-0.861278,0.507545
258,-90.9849,238.385,-5.07949,0.00644792,0.0249023,0.868331,-0.495317
259,-93.3792,234.68,-4.92748,0.00546047,0.0254137,0.876812,-0.480129
260,-95.7571,231.264,-4.7771,-0.00258567,0.0199833,0.884494,-0.466116
261,-98.4126,227.694,-4.70998,-0.00377772,0.0207124,0.890215,-0.455054
262,-101.125,224.162,-4.64032,-0.00444115,0.0254832,0.890705,-0.453845
263,-103.819,220.579,-4.55356,-0.00265619,0.0232372,0.888604,-0.458078
264,-106.379,217.109,-4.46883,-0.00256408,0.0204613,0.886152,-0.462935
265,-108.875,213.647,-4.39404,-0.00184207,0.0235836,0.881641,-0.471328
266,-111.319,210.102,-4.29914,-0.00239916,0.0254724,0.876606,-0.480528
267,-113.584,206.651,-4.19462,-0.000426372,0.0263706,0.87287,-0.48724
268,-115.862,203.13,-4.08369,0.00318957,0.0242984,0.874681,-0.484078
269,-118.202,199.636,-3.97763,-0.0107242,0.0198818,0.876198,-0.481422
270,-120.563,196.13,-3.9597,-0.00831925,0.0223007,0.878064,-0.477951
271,-122.851,192.801,-3.91878,-0.00813546,0.0238206,0.879142,-0.475894
272,-125.142,189.472,-3.87084,-0.00727119,0.0222066,0.878397,-0.47736
273,-127.353,185.944,-3.815,0.00392148,-0.0211605,-0.849684,0.526852
274,-128.792,182.076,-3.72394,0.000606881,-0.0205301,-0.761258,0.648124
275,-128.831,177.991,-3.59425,-0.00318604,-0.0177383,-0.629893,0.776473
276,-127.361,174.055,-3.43417,-0.00903112,-0.0251161,-0.474158,0.880035
277,-124.57,170.889,-3.19965,-0.0110756,-0.0210574,-0.331279,0.943233
278,-121.165,168.506,-3.04389,-0.0136677,-0.00932954,-0.266298,0.963749
279,-117.474,166.288,-2.92384,-0.0162004,-0.00450347,-0.257976,0.966005
280,-113.704,163.983,-2.80405,-0.0179796,-0.00406111,-0.266405,0.963685
281,-110.063,161.673,-2.69943,-0.0213892,-0.00878131,-0.270922,0.962324
282,-106.391,159.313,-2.55447,-0.0222708,-0.0164096,-0.27211,0.961869
283,-102.749,156.941,-2.37557,-0.0170897,-0.0155962,-0.273949,0.961466
284,-99.2241,154.649,-2.18838,-0.015999,-0.0095011,-0.275473,0.961129
285,-95.6712,152.307,-2.02979,-0.0126928,-0.00429209,-0.277171,0.960727
286,-92.1459,149.957,-1.93941,-0.0120154,-0.00618799,-0.278346,0.960386
287,-88.573,147.58,-1.86823,-0.0137153,-0.00655418,-0.284109,0.958671
288,-84.8828,145.015,-1.77017,-0.0155249,-0.00213779,-0.294545,0.955509
289,-81.3877,142.466,-1.66088,-0.01468,-0.00460049,-0.303573,0.952684
290,-78.081,139.984,-1.53485,-0.0134261,-0.00934042,-0.303118,0.952813
291,-74.8283,137.674,-1.40302,-0.0106964,-0.0105062,-0.267119,0.963547
292,-70.9926,135.657,-1.33533,-0.00781881,-0.000149398,-0.17438,0.984647
293,-66.7839,134.583,-1.31418,-0.0098479,6.37437e-05,-0.037366,0.999253
294,-62.7228,134.821,-1.28533,-0.0084742,-0.00114879,0.131617,0.991264
295,-58.8064,136.527,-1.29156,-0.00935398,-0.000293603,0.30958,0.950827
296,-55.6824,139.471,-1.33974,-0.00719312,0.00539048,0.46827,0.88354
297,-54.0361,143.246,-1.40513,-0.00716335,0.00725952,0.664571,0.747156
298,-54.4715,147.406,-1.48795,-0.00977337,0.0077955,0.836309,0.548117
299,-56.8249,150.668,-1.56136,-0.00386476,0.00662615,0.93981,0.341611
300,-60.2908,152.992,-1.59277,-0.00532422,0.00671747,0.971362,0.237454
301,-63.9116,154.846,-1.69538,-0.0162954,0.0047933,0.974275,0.224718
302,-67.8314,156.938,-1.85237,-0.0155231,0.00447619,0.970372,0.241076
303,-71.3646,158.978,-1.96449,-0.0126177,0.0030295,0.966607,0.255937
304,-74.9467,161.201,-2.03452,-0.00854821,0.00469366,0.963279,0.268327
305,-78.4856,163.467,-2.11965,-0.00700939,0.00348668,0.962265,0.272003
306,-82.097,165.812,-2.20358,-0.00998491,0.00795093,0.961824,0.27337
307,-85.7105,168.151,-2.28386,-0.0222883,0.00999505,0.96144,0.27393
308,-89.3412,170.503,-2.45124,-0.0239276,0.00699798,0.96141,0.273988
309,-92.9705,172.86,-2.6406,-0.019975,0.00406355,0.961601,0.273692
310,-96.6962,175.277,-2.82772,-0.0192662,0.00276794,0.961423,0.274386
311,-100.229,177.587,-2.96504,-0.0179617,0.00356043,0.961465,0.274316
312,-103.744,179.876,-3.07273,-0.019025,0.00463544,0.961308,0.27478
313,-107.198,182.144,-3.18731,-0.0124949,0.00440017,0.960529,0.277865
314,-110.568,184.417,-3.28159,-0.010008,0.00342005,0.955374,0.295209
315,-113.84,187.074,-3.40791,-0.0308533,0.00277882,0.924574,0.379741
316,-116.324,190.446,-3.63004,-0.0327887,0.000284799,0.853491,0.520078
317,-117.487,194.37,-3.80872,-0.026871,-0.00406923,0.749114,0.661883
318,-117.145,198.327,-3.90852,-0.0308161,-0.00445285,0.59031,0.806576
319,-114.812,201.831,-3.9949,-0.0322445,-0.00417603,0.347441,0.937138
320,-110.973,203.635,-4.00607,-0.0324373,-0.00790272,0.0923554,0.995166
321,-106.87,203.447,-3.90724,-0.0313684,-0.0162887,-0.122524,0.991836
322,-103.226,201.856,-3.70674,-0.0278589,-0.0263133,-0.252381,0.966869
323,-99.7515,199.455,-3.39391,-0.0250495,-0.0428336,-0.30912,0.949728
324,-96.5938,197.038,-3.03309,-0.0235985,-0.0398098,-0.30577,0.95098
325,-93.2642,194.583,-2.63988,-0.0220022,-0.0336379,-0.299193,0.953346
326,-89.7141,192.057,-2.26281,-0.0245058,-0.0347889,-0.289999,0.95608
327,-86.1237,189.601,-1.90834,-0.0266265,-0.0388936,-0.281567,0.958383
328,-82.4544,187.166,-1.5571,-0.0252281,-0.0418314,-0.27484,0.960248
329,-78.7235,184.744,-1.16283,-0.0237344,-0.0349693,-0.274635,0.960619
330,-75.3758,182.561,-0.819288,-0.0232185,-0.0291442,-0.274191,0.960953
331,-71.6483,180.148,-0.468102,-0.0238808,-0.0313684,-0.27137,0.961667
332,-67.9267,177.77,-0.136122,-0.0254999,-0.0353229,-0.267129,0.962675
333,-64.1417,175.445,0.191253,-0.0257555,-0.038946,-0.257536,0.96514
334,-60.5608,173.327,0.549601,-0.0225343,-0.0292314,-0.248215,0.968002
335,-56.8673,171.215,0.881966,-0.025896,-0.0297467,-0.253951,0.966413
336,-53.319,169.01,1.23422,-0.0201638,-0.0116465,-0.292068,0.956114
337,-50.1092,166.309,1.35058,-0.0207499,0.000270393,-0.402774,0.915064
338,-47.9233,162.769,1.44731,-0.0196084,0.000277264,-0.571605,0.820294
339,-47.3485,158.776,1.57607,-0.015814,-0.0049156,-0.727338,0.686079
340,-48.6582,154.755,1.71446,-0.00314154,0.000936965,0.876014,-0.482276
341,-51.8696,151.93,1.69895,-0.00569117,-0.000427235,0.974749,-0.223231
342,-55.8056,151.175,1.65148,-0.00355115,-0.00300861,0.99967,0.025261
343,-59.6301,152.233,1.61663,-0.00087518,-0.000100638,0.978504,0.206226
344,-63.3377,154.445,1.57038,-0.0217551,0.00735571,0.957704,0.286837
345,-66.6248,156.85,1.40964,-0.0241443,0.00542317,0.951233,0.307479
346,-70.1163,159.494,1.21605,-0.0159444,0.00209236,0.95185,0.306143
347,-73.5307,162.022,1.10835,-0.00768963,0.000606127,0.954525,0.298029
348,-77.1085,164.58,1.02744,-0.00851458,0.00320634,0.956942,0.290139
349,-80.6342,167.026,0.953748,-0.0168591,0.00438029,0.957559,0.287712
350,-84.2389,169.513,0.839483,-0.0224189,0.0080905,0.958328,0.284674
351,-87.761,171.907,0.66975,-0.0187528,0.00769284,0.959094,0.282359
352,-91.2752,174.24,0.492572,-0.0195999,0.00368101,0.959913,0.279587
353,-94.8954,176.622,0.333044,-0.0233312,0.000982891,0.961314,0.274466
354,-98.6862,179.065,0.163985,-0.0177057,0.000316483,0.962881,0.269345
355,-102.335,181.374,0.0599835,-0.020505,0.00538596,0.964204,0.264314
356,-105.871,183.561,-0.0795934,-0.0128465,0.00422599,0.964625,0.263277
357,-109.383,185.763,-0.181872,-0.00856318,0.00426836,0.964521,0.263831
358,-112.928,187.857,-0.275445,-0.0291887,0.015225,0.974049,0.223933
359,-117.033,189.386,-0.509604,-0.0230296,0.0164493,0.9965,0.0786641
360,-121.472,189.323,-0.664795,-0.013606,0.0192421,0.99228,-0.121759
361,-125.389,187.618,-0.725707,-0.00718377,0.0222749,0.945497,-0.32479
362,-128.17,184.515,-0.687591,0.00671812,-0.0219642,-0.8522,0.52271
363,-129.359,180.487,-0.601209,0.000188376,-0.0194666,-0.718353,0.695407
364,-128.724,176.192,-0.458905,-0.00842767,-0.0239425,-0.555478,0.831144
365,-126.44,172.516,-0.243556,-0.0132997,-0.0232102,-0.399351,0.916408
366,-123.238,169.57,0.000804916,-0.00810209,-0.00713239,-0.314798,0.949097
367,-119.869,167.215,0.0968341,-0.0163039,-0.00879118,-0.275252,0.961194
368,-116.268,164.952,0.197619,-0.0194413,-0.0138719,-0.262671,0.96459
369,-112.527,162.698,0.345627,-0.0189335,-0.00810873,-0.256608,0.966296
370,-109.109,160.634,0.468336,-0.0200808,-0.0113029,-0.261325,0.964976
371,-105.41,158.286,0.660718,-0.0159645,-0.011901,-0.274069,0.961504
372,-101.889,155.92,0.822727,-0.0169109,-0.0128816,-0.286303,0.957903
373,-98.3346,153.415,0.971373,-0.0143754,-0.0138319,-0.294187,0.95554
374,-94.885,150.967,1.12065,-0.0138943,-0.00727113,-0.294632,0.955482
375,-91.438,148.497,1.24511,-0.0113514,-0.00165551,-0.294567,0.955562
376,-87.9563,146.016,1.33878,-0.0137164,-0.00425675,-0.295595,0.955205
377,-84.6143,143.626,1.42923,-0.0172372,-0.00541971,-0.297323,0.954606
378,-81.3665,141.28,1.53493,-0.0166646,-0.00938219,-0.297478,0.954537
379,-77.9701,138.817,1.68273,-0.0133747,-0.0103678,-0.29369,0.955751
380,-74.584,136.529,1.82999,-0.00946364,-0.00162151,-0.254517,0.967021
381,-70.8841,134.723,1.87152,-0.00667471,-0.000534999,-0.147732,0.989005
382,-66.51,134.093,1.89231,-0.0118358,-0.00419462,0.0450263,0.998907
383,-62.5919,135.078,1.92173,-0.0115986,-0.00309528,0.231477,0.972766
384,-59.0625,137.529,1.91036,-0.0128335,-0.000178354,0.382436,0.923893
385,-56.3335,140.668,1.84647,-0.0111718,0.00155085,0.46269,0.886448
386,-54.0148,144.119,1.79541,-0.0113483,0.00130651,0.488194,0.87266
387,-51.6998,147.685,1.75759,-0.0112843,0.000298021,0.481721,0.876252
388,-49.3705,151.125,1.72846,-0.00994496,-0.00448042,0.474226,0.880336
389,-46.9989,154.554,1.73134,-0.0191719,0.0107989,0.473562,0.880486
390,-44.5807,158.01,1.58979,-0.0154718,0.00892433,0.472762,0.881009
391,-42.13,161.512,1.48647,-0.0137585,0.00814976,0.472102,0.881399
392,-39.7111,164.982,1.39132,-0.0145367,0.00633262,0.473126,0.880852
393,-37.2945,168.469,1.30798,-0.0144007,0.0064501,0.475395,0.879631
394,-34.9151,171.939,1.2113,-0.0144325,0.00817753,0.479399,0.87744
395,-32.5363,175.501,1.113,-0.0114348,0.0067798,0.483587,0.875195
396,-30.2298,179.053,1.0379,-0.0121302,0.00524835,0.48759,0.872972
397,-27.9542,182.625,0.962501,-0.0128514,0.00181585,0.490492,0.871349
398,-25.7224,186.125,0.903588,-0.019572,0.0146855,0.493636,0.869324
399,-23.5343,189.559,0.737249,-0.0179126,0.0113578,0.486503,0.873422
400,-21.2137,193.067,0.601626,-0.0175463,0.00969069,0.477262,0.878532
401,-18.9145,196.383,0.489383,-0.0189468,0.00905548,0.47122,0.881766
402,-16.5232,199.964,0.379,-0.0192565,0.00850048,0.507213,0.861564
403,-14.7741,203.87,0.223074,-0.0160654,0.0134403,0.61527,0.788038
404,-14.2759,208.248,0.0379672,-0.0148238,0.0137081,0.738323,0.674145
405,-15.1178,212.174,-0.1029,-0.00727611,0.0153353,0.836236,0.548106
406,-17.2037,215.664,-0.20626,-0.000762642,0.0171288,0.912788,0.408075
407,-20.3426,218.423,-0.264242,-0.013094,0.0193717,0.957359,0.287953
408,-24.052,220.683,-0.375305,-0.0173519,0.0167807,0.969077,0.245575
409,-27.8351,222.83,-0.523338,-0.0121734,0.0115336,0.968125,0.249903
410,-31.6037,225.085,-0.626296,-0.00738415,0.0128537,0.964595,0.263321
411,-35.3092,227.431,-0.716427,-0.00763096,0.013787,0.962927,0.269302
412,-38.9631,229.775,-0.808433,-0.0150842,0.0162748,0.962031,0.272038
413,-42.4526,232.032,-0.919063,-0.0187831,0.0154515,0.961238,0.274645
414,-45.7946,234.216,-1.07249,-0.0150908,0.0129767,0.96069,0.276909
415,-49.4086,236.602,-1.23268,-0.0173675,0.0110901,0.959941,0.279443
416,-53.0625,239.044,-1.40595,-0.0169133,0.00995296,0.959071,0.282486
417,-56.6283,241.456,-1.55205,-0.0178592,0.00646456,0.957758,0.286949
418,-60.2069,243.995,-1.69261,-0.0156869,0.0115412,0.954657,0.297069
419,-63.4536,246.361,-1.82087,-0.0100319,0.00994801,0.953479,0.30113
420,-66.8885,248.903,-1.9348,-0.00856596,0.0153482,0.955582,0.294201
421,-70.4487,251.155,-2.04502,-0.0231489,0.0252811,0.977127,0.209876
422,-74.3883,252.422,-2.22973,-0.0148728,0.0247143,0.997492,0.0646282
423,-78.628,252.326,-2.31086,-0.00567394,0.0209882,0.993031,-0.11583
424,-82.4739,250.834,-2.29816,-0.0044757,0.0274867,0.955132,-0.29487
425,-85.5553,247.655,-2.19193,-0.000299691,-0.0255223,-0.851821,0.523211
426,-86.5884,243.475,-2.03291,-0.00953718,-0.0205949,-0.692189,0.721358
427,-85.6887,239.398,-1.82982,-0.0166325,-0.0253234,-0.528515,0.848383
428,-83.291,235.747,-1.57685,-0.022517,-0.0236439,-0.406634,0.913008
429,-80.3235,232.874,-1.34586,-0.0194238,-0.00361454,-0.328767,0.944204
430,-76.7774,230.205,-1.23579,-0.0211235,-0.000352549,-0.298745,0.954099
431,-73.3805,227.786,-1.1523,-0.0266655,-0.0057804,-0.292812,0.955781
432,-69.8755,225.342,-1.04736,-0.0286693,-0.00656639,-0.28813,0.95714
433,-66.272,222.864,-0.898726,-0.0309033,-0.0147002,-0.283927,0.958235
434,-62.5968,220.391,-0.681002,-0.0242412,-0.00760667,-0.279877,0.959699
435,-59.0107,218.014,-0.524069,-0.0232084,-0.00746333,-0.277019,0.960555
436,-55.5052,215.71,-0.378928,-0.0227016,-0.00899116,-0.274269,0.961343
437,-51.9677,213.418,-0.264336,-0.0225524,-0.00758661,-0.271837,0.962049
438,-48.4141,211.145,-0.139973,-0.0222531,0.000413958,-0.269777,0.962665
439,-44.7912,208.837,-0.0509129,-0.0217886,6.5767e-05,-0.268248,0.963104
440,-41.3256,206.673,0.0215922,-0.0248727,-0.00480871,-0.263068,0.964445
441,-37.8626,204.559,0.132355,-0.02522,-0.0121805,-0.261743,0.964731
442,-34.2948,202.291,0.284497,-0.0225149,-0.0110089,-0.28304,0.958781
443,-31.0635,199.903,0.447125,-0.0168684,0.0056087,-0.335087,0.94202
444,-28.124,196.884,0.490262,-0.023526,0.00213198,-0.452268,0.891569
445,-26.3164,193.139,0.611656,-0.0212847,-0.00434439,-0.604731,0.796133
446,-26.1728,188.862,0.783777,-0.0170533,-0.00699557,-0.779871,0.625668
447,-28.1116,185.189,0.911262,0.00257889,0.00314587,0.917091,-0.398658
448,-31.7257,182.986,0.939401,-0.00253696,0.00466941,0.989516,-0.144319
449,-36.0255,182.774,0.928119,-0.00417958,0.00415004,0.995877,0.0905263
450,-39.7413,184.291,0.885898,0.00785667,0.00615868,0.967521,0.252591
451,-43.2146,186.627,0.948574,0.0199211,0.00369691,0.954689,0.296916
452,-46.6627,189.213,1.07636,0.0156229,0.0110123,0.952835,0.302884
453,-50.0755,191.699,1.17911,0.0131636,0.00557029,0.953862,0.299905
454,-53.5655,194.243,1.28165,0.0154313,0.00671281,0.954224,0.298618
455,-56.9827,196.699,1.37592,0.0173242,0.00322512,0.954935,0.296293
456,-60.298,199.078,1.46262,0.0145774,0.00572291,0.955994,0.292968
457,-63.9041,201.615,1.55091,0.0114273,0.00860551,0.957399,0.288414
458,-67.6521,204.198,1.65032,0.00635391,0.00918079,0.958516,0.28482
459,-71.0488,206.508,1.68012,0.0134762,0.00612376,0.959244,0.282192
460,-74.5034,208.83,1.74335,0.014692,0.00626415,0.960198,0.27886
461,-77.9008,211.088,1.84114,0.00789409,0.00872556,0.961632,0.274089
462,-81.7001,213.533,1.93825,0.00261121,0.00758547,0.962323,0.27179
463,-85.237,215.876,2.00995,0.00380115,0.00625998,0.95838,0.285404
464,-88.6535,218.404,2.06043,-0.00260004,0.00754623,0.941045,0.338188
465,-91.5374,221.332,1.95855,-0.0280607,0.00584127,0.901738,0.431331
466,-93.5859,224.795,1.76053,-0.0305556,0.00570197,0.828472,0.559165
467,-94.3271,228.969,1.55554,-0.0290121,-0.00136397,0.683023,0.729819
468,-93.0145,232.777,1.41289,-0.0358051,0.00491763,0.472363,0.880663
469,-89.8967,235.446,1.30999,-0.0422093,-0.0020792,0.21398,0.975923
470,-85.7533,236.027,1.34692,-0.0366606,-0.0133873,-0.0606434,0.997396
471,-81.938,234.614,1.5308,-0.027017,-0.0160578,-0.247268,0.968437
472,-78.383,232.095,1.68041,-0.024438,-0.00773842,-0.321691,0.946498
473,-75.1242,229.365,1.80692,-0.0255665,-0.00817867,-0.337521,0.940935
474,-71.7585,226.455,1.98127,-0.0272631,-0.00302038,-0.340574,0.939818
475,-68.3623,223.491,2.14768,-0.0267186,-0.00862019,-0.335825,0.941506
476,-64.8916,220.592,2.34232,-0.0285357,-0.0140308,-0.324827,0.945239
477,-61.3795,217.801,2.53349,-0.0276471,-0.0188247,-0.312263,0.949407
478,-57.9069,215.193,2.74275,-0.0247672,-0.0143188,-0.299742,0.953591
479,-54.2778,212.613,2.93841,-0.0224268,-0.00151713,-0.287715,0.957452
480,-50.857,210.299,3.05323,-0.0234462,-0.00156082,-0.282198,0.959068
481,-47.524,208.038,3.15141,-0.0265807,-0.00669499,-0.286471,0.957697
482,-43.9944,205.575,3.26346,-0.0288672,-0.00929061,-0.29429,0.955235
483,-40.5156,203.075,3.42707,-0.0261357,-0.00534753,-0.297154,0.954457
484,-37.0828,200.608,3.58804,-0.0229277,-0.00842233,-0.295566,0.95501
485,-33.7092,198.207,3.74822,-0.0221694,-0.00447028,-0.28942,0.956935
486,-30.2318,195.878,3.82398,-0.0230495,-0.00166644,-0.264817,0.964022
487,-26.6292,193.96,3.89805,-0.020422,-0.00260389,-0.164501,0.986162
488,-22.4503,193.284,3.94674,-0.0181349,0.00237591,0.0478361,0.998688
489,-18.4667,194.51,3.90092,-0.0195494,0.00144777,0.286438,0.957898
490,-15.5409,197.48,3.82524,-0.0203389,0.00555118,0.505651,0.86248
491,-14.0036,201.619,3.67122,-0.0238468,0.0150025,0.641805,0.76635
492,-13.6938,206.005,3.45436,-0.0206503,0.0152995,0.739493,0.672674
493,-14.5052,210.008,3.25957,-0.0130881,0.016608,0.825521,0.563976
494,-16.3918,213.578,3.12217,-0.00772144,0.019959,0.897924,0.43963
495,-19.1811,216.522,3.03536,-0.0146126,0.0203802,0.940433,0.339052
496,-22.4903,219.044,2.85566,-0.0141981,0.0178541,0.956671,0.290275
497,-26.0841,221.405,2.68147,-0.0112356,0.0133585,0.963535,0.26701
498,-29.4929,223.496,2.58376,-0.0119586,0.0129974,0.966499,0.256062
499,-33.4016,225.795,2.47916,-0.0130395,0.0145395,0.967914,0.250519
500,-37.0349,227.894,2.35801,-0.00835345,0.0153499,0.968892,0.246866
501,-40.6574,229.966,2.24573,-0.00833925,0.0147603,0.96883,0.247145
502,-44.5416,232.194,2.12765,-0.0184912,0.0166751,0.968423,0.248066
503,-48.2985,234.369,1.96388,-0.026517,0.0173009,0.967633,0.250367
504,-52.0073,236.536,1.75396,-0.0217555,0.0136843,0.966942,0.253695
505,-55.4986,238.619,1.57449,-0.0157655,0.0122834,0.966157,0.257179
506,-59.3977,240.973,1.40524,-0.00864966,0.0100947,0.965494,0.260087
507,-63.0927,243.254,1.3059,-0.014645,0.014566,0.964921,0.261726
508,-66.7173,245.509,1.19216,-0.0108742,0.0169284,0.965131,0.260994
509,-70.3485,247.644,1.10918,-0.0183499,0.0214863,0.971781,0.234185
510,-74.0726,249.36,0.919103,-0.01756,0.0255105,0.987542,0.154278
511,-78.1632,250.275,0.766694,-0.0100113,0.0274309,0.999083,0.0313124
512,-82.318,250.018,0.708319,-0.0072985,0.0302761,0.990851,-0.13132
513,-86.3,248.334,0.721822,-0.00606383,0.0289553,0.955189,-0.294517
514,-89.5786,245.449,0.777876,0.000627444,0.0266709,0.905859,-0.422738
515,-92.1973,241.813,0.9114,0.00571893,0.0254418,0.867262,-0.497168
516,-94.4349,237.944,1.08986,-0.00681995,-0.0283083,-0.857615,0.513465
517,-96.5905,234.146,1.28683,-0.00289733,-0.0213893,-0.860397,0.509167
518,-98.9047,230.234,1.37834,0.00241614,-0.0218037,-0.865329,0.500722
519,-101.019,226.82,1.45314,-0.00121426,0.0237802,0.870429,-0.491717
520,-103.265,223.34,1.55314,-0.00260721,0.0239904,0.874257,-0.484863
521,-105.534,219.926,1.63847,0.000696492,0.02234,0.87828,-0.477624
522,-107.864,216.556,1.75666,-0.00340454,0.0192599,0.880804,-0.473078
523,-110.301,213.085,1.8245,-0.000748505,0.0224817,0.882258,-0.470229
524,-112.728,209.658,1.92113,-2.91133e-05,0.0232265,0.882732,-0.469304
525,-115.107,206.317,2.03592,-0.000472068,0.0233497,0.882074,-0.470531
526,-117.644,202.666,2.16068,-0.000983745,0.0184916,0.880683,-0.473345
527,-120.079,199.159,2.21367,-0.0065357,0.0155232,0.879373,-0.475836
528,-122.473,195.62,2.24458,-0.00557298,0.01761,0.875432,-0.482989
529,-124.775,192.008,2.29558,0.00354677,-0.0183787,-0.865428,0.500685
530,-126.874,188.425,2.36403,-0.000795564,-0.0205116,-0.852375,0.522527
531,-128.599,184.624,2.46713,0.00390784,-0.0214213,-0.803893,0.594376
532,-129.4,180.497,2.58075,-0.00358074,-0.0191161,-0.717007,0.696794
533,-129.038,176.365,2.73722,-0.0050004,-0.0232341,-0.598234,0.800969
534,-127.217,172.467,2.95184,-0.00862503,-0.0240547,-0.448083,0.893627
535,-124.157,169.35,3.19404,-0.0111171,-0.0121615,-0.319484,0.947448
536,-120.327,166.783,3.33429,-0.0199613,-0.0115313,-0.262641,0.964618
537,-116.819,164.683,3.45592,-0.0207749,-0.01311,-0.251801,0.967467
538,-113.218,162.604,3.5948,-0.0205847,-0.00486477,-0.249326,0.968189
539,-109.523,160.475,3.7092,-0.0226228,-0.0124541,-0.24877,0.968218
540,-105.828,158.332,3.89365,-0.0211578,-0.0145554,-0.249945,0.967919
541,-102.215,156.219,4.0546,-0.0207188,-0.0191162,-0.251645,0.967409
542,-98.5824,154.074,4.23769,-0.0202147,-0.0181345,-0.255483,0.966432
543,-95.026,151.924,4.43254,-0.0124448,-0.004137,-0.260293,0.96544
544,-91.4429,149.714,4.52917,-0.0134791,-0.00490302,-0.264804,0.964196
545,-87.8525,147.46,4.62282,-0.0177035,-0.00941577,-0.269636,0.962753
546,-84.2633,145.147,4.7267,-0.0181831,-0.00938218,-0.275138,0.961187
547,-80.8851,142.907,4.85506,-0.019937,-0.0120647,-0.28139,0.959311
548,-77.2382,140.407,5.04411,-0.0124135,-0.00885436,-0.281209,0.959525
549,-73.7803,138.234,5.19642,-0.00952195,-0.00926375,-0.235275,0.971838
550,-69.966,136.543,5.28072,-0.00951789,-0.00211117,-0.142007,0.989818
551,-65.5851,135.806,5.32408,-0.0137385,-0.00474752,0.0199384,0.999696
552,-61.4504,136.661,5.3737,-0.015089,-0.0021812,0.224364,0.974386
553,-58.0478,139.388,5.33656,-0.0112585,0.000143329,0.473018,0.880981
554,-56.6004,143.215,5.27109,-0.0169175,0.00501063,0.677585,0.735234
555,-57.1275,147.245,5.14339,-0.00823355,0.00779216,0.83495,0.550209
556,-59.4737,150.681,5.04817,-0.0031615,0.00946442,0.932095,0.362077
557,-63.0424,153.278,4.98706,-0.0234071,0.0133161,0.965724,0.25817
558,-66.7638,155.362,4.79908,-0.0235263,0.0100019,0.970826,0.238417
559,-70.2952,157.332,4.60205,-0.0142036,0.00529662,0.969346,0.245234
560,-73.8354,159.383,4.48101,-0.0112039,0.00644739,0.967333,0.253179
561,-77.4206,161.545,4.39958,-0.0168936,0.00740127,0.964647,0.2629
562,-81.0823,163.861,4.28493,-0.0167543,0.00916845,0.961769,0.273193
563,-84.6606,166.229,4.14545,-0.0122686,0.00990012,0.960053,0.279377
564,-88.2878,168.648,3.97222,-0.015537,0.00879794,0.959971,0.279532
565,-92.0119,171.121,3.79393,-0.0227686,0.00807228,0.960759,0.276331
566,-95.6579,173.487,3.61457,-0.0273909,0.00814627,0.961985,0.271606
567,-99.2996,175.794,3.40965,-0.0204155,0.0047654,0.964034,0.264951
568,-102.786,177.943,3.2616,-0.00919638,0.00264199,0.966031,0.258247
569,-106.513,180.18,3.15224,-0.0128449,0.00436544,0.965237,0.261023
570,-109.978,182.408,3.06439,-0.0133495,0.0066124,0.957992,0.286408
571,-113.13,184.833,2.97243,-0.0297588,0.00875229,0.935229,0.352682
572,-115.93,188.059,2.72444,-0.0318287,0.000528875,0.879641,0.474571
573,-117.628,192.044,2.49756,-0.0280475,-0.00402502,0.790144,0.612267
574,-117.988,196.035,2.3622,-0.0290799,-0.0050478,0.688674,0.724469
575,-117.114,199.98,2.27161,-0.0308824,-0.000137643,0.573205,0.81883
576,-115.147,203.7,2.14339,-0.032926,-0.00130719,0.486339,0.873149
577,-112.601,207.293,2.03545,-0.0322797,-8.9416e-05,0.461134,0.886743
578,-110.21,210.548,1.94033,-0.0313812,-0.00107622,0.462071,0.886287
579,-107.83,213.792,1.85553,-0.0269314,-0.00149855,0.465025,0.884886
580,-105.272,217.387,1.7582,-0.0294201,-0.000434337,0.4683,0.883079
581,-102.957,220.646,1.67521,-0.0281301,-0.00158392,0.471103,0.881628
582,-100.485,224.228,1.58341,-0.0287361,-0.00139844,0.476906,0.878483
583,-98.0567,227.839,1.50643,-0.0296403,-0.0025684,0.476646,0.878592
584,-95.6824,231.083,1.44968,-0.0362606,-9.37695e-05,0.425696,0.904139
585,-92.6364,233.762,1.37137,-0.0357799,0.00309021,0.28524,0.957783
586,-88.9566,235.314,1.32848,-0.0389777,-0.00531511,0.114646,0.992627
587,-84.8803,235.478,1.40423,-0.0358116,-0.0143756,-0.0625175,0.997298
588,-80.9741,234.271,1.58516,-0.0265002,-0.00697186,-0.202711,0.978855
589,-77.0965,231.993,1.7045,-0.0231007,-0.00434615,-0.291914,0.956156
590,-73.7946,229.545,1.78984,-0.0275418,-0.0100906,-0.307862,0.950979
591,-70.6485,227.167,1.94448,-0.0284269,-0.0018771,-0.307231,0.951208
592,-67.1796,224.568,2.08483,-0.0301358,-0.00836456,-0.304146,0.952112
593,-63.5909,221.924,2.28323,-0.0272418,-0.0122691,-0.29941,0.953657
594,-60.1534,219.433,2.46086,-0.0281478,-0.0181966,-0.294909,0.954937
595,-56.6579,216.957,2.66618,-0.0240778,-0.0152911,-0.290686,0.956393
596,-53.2288,214.575,2.84612,-0.0202269,-0.00235397,-0.286315,0.957919
597,-49.7903,212.213,2.96165,-0.0199724,-0.00331102,-0.285831,0.958066
598,-46.4352,209.898,3.05865,-0.0231058,-0.00749331,-0.287877,0.957359
599,-42.7728,207.355,3.18103,-0.0237984,-0.00808827,-0.287985,0.957305
600,-39.2675,204.944,3.3195,-0.0255714,-0.00851956,-0.287743,0.957328
601,-35.9458,202.636,3.49162,-0.0256814,-0.00836311,-0.298266,0.954101
602,-32.5691,199.972,3.67363,-0.0223036,-0.0049233,-0.351034,0.936084
603,-29.7264,196.833,3.78695,-0.0260165,-0.00149134,-0.465223,0.88481
604,-27.945,192.948,3.94212,-0.024416,-0.00530823,-0.604293,0.79637
605,-27.5539,188.682,4.14118,-0.0177133,-0.00935639,-0.731316,0.681744
606,-28.6239,184.448,4.28451,-0.00666503,-0.00622076,-0.824139,0.566314
607,-30.4852,180.86,4.36828,-0.00493495,-0.00872164,-0.86441,0.502687
608,-32.7129,177.306,4.45645,0.00541881,0.00973474,0.873153,-0.487319
609,-35.136,173.697,4.55341,0.00441556,0.0126902,0.879384,-0.475924
610,-37.6582,170.051,4.6663,0.00386296,0.0107561,0.881486,-0.472072
611,-40.1905,166.449,4.76273,0.00615685,0.012185,0.882185,-0.470705
612,-42.7524,162.809,4.87429,0.00656901,0.0124475,0.88169,-0.47162
613,-45.1852,159.32,4.98722,0.00579511,0.0138568,0.880858,-0.473142
614,-47.556,155.915,5.1201,-0.000654058,0.0109859,0.879243,-0.476248
615,-49.9947,152.339,5.16137,-0.00235208,0.0100486,0.878627,-0.477397
616,-52.3922,148.813,5.19904,-0.00153359,0.0100609,0.878057,-0.478447
617,-54.8006,145.33,5.24646,-0.0016292,0.0107217,0.885051,-0.465367
618,-57.3766,142.072,5.29453,-0.00152551,0.00831583,0.911422,-0.411387
619,-60.5103,139.328,5.31392,-0.00368834,0.00601043,0.95568,-0.294324
620,-64.3212,137.586,5.29273,-0.00215893,0.00349106,0.989945,-0.141389
621,-68.4459,137.134,5.26814,-0.00292096,0.000269003,0.999738,0.0227286
622,-72.7584,138.142,5.23526,-0.0218929,0.00614653,0.98405,0.176436
623,-76.3485,140.019,5.06761,-0.0167348,0.010695,0.964406,0.263678
624,-79.8921,142.394,4.88585,-0.014083,0.0123344,0.958248,0.285323
625,-83.637,144.987,4.74173,-0.0103608,0.0105676,0.957749,0.287224
626,-87.306,147.529,4.64256,-0.0166927,0.0105367,0.957498,0.287762
627,-90.5555,149.776,4.53092,-0.0142435,0.00720679,0.957969,0.286426
628,-93.837,152.044,4.42493,-0.0126395,0.00701882,0.958408,0.285034
629,-97.4492,154.503,4.26374,-0.0195987,0.0140017,0.959251,0.281525
630,-100.768,156.736,4.10725,-0.0245113,0.0153875,0.959835,0.279069
631,-104.417,159.162,3.90997,-0.0253394,0.0193494,0.96091,0.275018
632,-108.031,161.514,3.69276,-0.016268,0.0158117,0.962182,0.27146
633,-111.546,163.757,3.55438,-0.00907356,0.0121836,0.963345,0.267832
634,-114.956,165.897,3.46283,-0.0162376,0.0118711,0.964815,0.26216
635,-118.645,168.124,3.33849,-0.0186744,0.00636875,0.964157,0.264597
636,-121.95,170.392,3.21861,-0.0259915,0.00667098,0.943997,0.328861
637,-124.743,173.473,2.9967,-0.030319,0.00466071,0.8792,0.475465
638,-126.362,177.522,2.7691,-0.0294726,-0.000177253,0.776441,0.629501
639,-126.375,181.868,2.61557,-0.0286058,-0.00309983,0.645524,0.763198
640,-125.063,185.716,2.51205,-0.0288497,-0.00457705,0.540675,0.840724
641,-122.796,189.496,2.43602,-0.0245351,-0.00425564,0.478481,0.877745
642,-120.525,192.805,2.38672,-0.0248341,-0.00647505,0.480521,0.876608
643,-118.299,196.19,2.35744,-0.0245206,-0.00488934,0.490542,0.871059
644,-116.197,199.602,2.31841,-0.0303048,0.00114131,0.498866,0.866149
645,-114.097,202.954,2.20313,-0.0282116,0.0021764,0.49142,0.870463
646,-111.919,206.327,2.09729,-0.0280747,0.00294047,0.485312,0.873885
647,-109.614,209.794,1.98913,-0.0271672,0.00110781,0.481293,0.876138
648,-107.335,213.188,1.89474,-0.0257518,-0.000310598,0.4806,0.876562
649,-105.001,216.686,1.80678,-0.0274399,0.00236607,0.480804,0.876395
650,-102.66,220.188,1.70501,-0.0272565,-0.000428895,0.481709,0.875907
651,-100.351,223.662,1.61579,-0.0273647,0.000151639,0.483551,0.874888
652,-98.0775,227.116,1.53267,-0.0273631,-0.00159479,0.485032,0.874067
653,-95.9049,230.446,1.45922,-0.0277148,-0.0014293,0.486552,0.873211
654,-93.6957,233.849,1.34154,-0.0322536,0.00586373,0.488108,0.872168
655,-91.5272,237.208,1.19917,-0.0336059,0.00676097,0.488308,0.871998
656,-89.0722,240.926,1.04572,-0.0327629,0.00442387,0.478206,0.877626
657,-86.5665,244.437,0.911498,-0.0321038,0.00369555,0.452501,0.891178
658,-83.8109,247.61,0.818004,-0.0359081,0.0019268,0.373035,0.92712
659,-80.2063,249.93,0.766255,-0.0356988,-0.00247577,0.186683,0.981768
660,-76.0823,250.496,0.810199,-0.0347839,-0.0112341,-0.0436223,0.998379
661,-71.9423,249.224,0.980246,-0.0272419,-0.0124388,-0.209612,0.977326
662,-68.2592,247.187,1.11298,-0.021355,-0.00633058,-0.251405,0.967626
663,-64.8517,245.122,1.20972,-0.0193607,-0.00898438,-0.25789,0.965938
664,-61.2363,242.888,1.36166,-0.0138759,-0.0039636,-0.263021,0.964682
665,-57.5151,240.554,1.46484,-0.0160204,-0.0119995,-0.266418,0.96365
666,-53.9061,238.269,1.62724,-0.019572,-0.0153492,-0.269076,0.962798
667,-50.2438,235.924,1.80884,-0.0218545,-0.0194199,-0.271668,0.961947
668,-46.3958,233.435,2.03687,-0.0195167,-0.0103929,-0.272572,0.961881
669,-42.6694,231.03,2.21294,-0.0190035,-0.00216145,-0.2738,0.961596
670,-39.1795,228.77,2.32089,-0.01979,-0.00446512,-0.273195,0.961745
671,-35.7113,226.523,2.42016,-0.0199411,-0.00790128,-0.273263,0.9617
672,-32.3034,224.311,2.52991,-0.0172675,-0.00482758,-0.274644,0.961379
673,-28.9634,222.133,2.6366,-0.0182815,-0.00498345,-0.274243,0.961474
674,-25.476,219.888,2.7738,-0.0216309,-0.0108524,-0.270865,0.962313
675,-21.7928,217.491,2.95316,-0.0254902,-0.00919669,-0.291965,0.956045
676,-18.4326,214.816,3.08633,-0.0220762,-0.00134093,-0.363865,0.931189
677,-15.8351,211.432,3.20311,-0.0213188,-0.00640994,-0.521393,0.853026
678,-14.8636,207.479,3.36257,-0.0189303,-0.0140276,-0.695692,0.717954
679,-15.6293,203.478,3.55006,-0.0119339,-0.0151645,-0.824256,0.565887
680,-17.698,199.921,3.69114,0.00608146,0.0132046,0.90104,-0.433491
681,-20.9379,197.275,3.7739,0.000704764,0.0159046,0.970297,-0.241394
682,-25.1008,196.153,3.78357,0.00259099,0.0118855,0.999384,-0.032917
683,-29.2768,196.609,3.78494,0.000554717,0.00939121,0.993214,0.115917
684,-33.0052,198.024,3.77582,-0.0180655,0.0168256,0.975646,0.217957
685,-36.6211,200.197,3.60839,-0.0170426,0.0198598,0.958903,0.282524
686,-40.2671,202.811,3.40715,-0.00667176,0.0210112,0.953713,0.299909
687,-43.4621,205.17,3.28655,-0.00871198,0.0203955,0.952638,0.303297
688,-46.6767,207.57,3.19911,-0.0155361,0.021962,0.952485,0.303394
689,-50.2832,210.237,3.06116,-0.0143668,0.0208769,0.953457,0.300464
690,-53.9032,212.866,2.90388,-0.0106962,0.0170383,0.954498,0.297538
691,-57.4924,215.447,2.73207,-0.0131577,0.0191754,0.955509,0.294043
692,-61.0932,218,2.55187,-0.016828,0.0231209,0.956587,0.29004
693,-64.7098,220.515,2.37779,-0.0212907,0.0264973,0.95776,0.285552
694,-68.3313,222.991,2.17564,-0.0152643,0.025028,0.959024,0.281802
695,-71.8336,225.33,2.03137,-0.0111094,0.0222716,0.960798,0.276133
696,-75.6425,227.715,1.87994,-0.00525985,0.0205944,0.967141,0.253351
697,-79.3332,229.749,1.79008,-0.00810959,0.018877,0.976936,0.21254
698,-83.1737,231.312,1.69667,-0.0190752,0.0259882,0.990118,0.13648
699,-87.1323,232.191,1.54899,-0.0118831,0.0301858,0.998427,0.0457471
700,-91.5774,232.213,1.46803,-0.00579574,0.0312843,0.995924,-0.0843995
701,-95.7458,231.003,1.46167,-0.0131295,0.0223332,0.973225,-0.228391
702,-99.2855,228.803,1.44136,-0.00982594,0.0232053,0.939764,-0.340894
703,-102.455,225.835,1.47307,-0.00416948,0.0227935,0.914125,-0.40477
704,-105.322,222.534,1.53897,0.000814148,0.0189636,0.898111,-0.439359
705,-107.817,219.351,1.62783,0.00147591,0.0225357,0.888509,-0.458303
706,-110.454,215.657,1.72979,0.000651239,0.0174969,0.879432,-0.475703
707,-112.846,212.005,1.83027,0.00274294,0.0161193,0.870608,-0.491707
708,-115.134,208.306,1.9428,-0.00256949,-0.018758,-0.864701,0.50193
709,-117.233,204.736,2.06191,-0.00735927,-0.0214233,-0.85922,0.511103
710,-119.28,201.053,2.20334,0.00774076,-0.0148229,-0.853062,0.521538
711,-121.217,197.287,2.23294,0.00461603,-0.0176026,-0.843085,0.537474
712,-122.988,193.492,2.2992,0.00414853,-0.020698,-0.829946,0.557445
713,-124.583,189.611,2.3865,0.00236677,-0.0218654,-0.815446,0.578415
714,-125.9,185.619,2.49748,0.000450584,-0.0227917,-0.78231,0.622471
715,-126.502,181.541,2.62951,0.00238093,-0.0220227,-0.699582,0.71421
716,-125.866,177.442,2.7819,-0.00614518,-0.0262946,-0.575431,0.817404
717,-123.975,173.709,3.00443,-0.0109424,-0.0269676,-0.449849,0.892631
718,-121.039,170.494,3.22633,-0.00779396,-0.00940014,-0.348924,0.937071
719,-117.851,167.982,3.35074,-0.0131544,-0.00648919,-0.291437,0.956478
720,-114.297,165.681,3.46516,-0.0186175,-0.00803542,-0.262447,0.964733
721,-110.665,163.51,3.57087,-0.0203274,-0.00780752,-0.254456,0.966839
722,-106.961,161.345,3.71565,-0.0235006,-0.0157935,-0.248728,0.96816
723,-103.324,159.263,3.92019,-0.0192769,-0.0115983,-0.244673,0.969345
724,-99.7453,157.242,4.09804,-0.0168472,-0.0133661,-0.240109,0.970508
725,-95.8897,155.131,4.28475,-0.0161258,-0.0169201,-0.235135,0.971682
726,-91.9447,153.034,4.42708,-0.0137473,-0.00970109,-0.229969,0.973052
727,-88.4786,151.189,4.54258,-0.0135001,-0.00210557,-0.235479,0.971783
728,-84.9093,149.239,4.6343,-0.014947,-0.000913546,-0.241851,0.970198
729,-81.3171,147.212,4.70311,-0.0180049,-0.00722546,-0.248335,0.96848
730,-77.8626,145.196,4.82161,-0.0187237,-0.0180497,-0.251906,0.967402
731,-74.4267,143.164,5.01559,-0.016466,-0.0123014,-0.25297,0.967256
732,-70.7355,141.055,5.2124,-0.0102077,0.00138446,-0.229121,0.973343
733,-66.8879,139.328,5.23405,-0.00833813,-0.00348381,-0.146039,0.989238
734,-62.6673,138.569,5.28834,-0.0104706,-0.00744366,0.00932477,0.999874
735,-58.5648,139.202,5.32817,-0.00983729,-0.00485413,0.180269,0.983556
736,-54.9676,141.136,5.34666,-0.0126109,0.00370373,0.336121,0.941727
737,-52.045,144.138,5.30406,-0.0151753,0.00257484,0.458528,0.888547
738,-49.9086,147.839,5.24603,-0.0131669,0.00322269,0.557008,0.830397
739,-48.5653,151.643,5.18795,-0.0158449,-0.00369798,0.599264,0.800386
740,-47.3147,155.522,5.1291,-0.0221748,0.0104884,0.584236,0.811213
741,-45.8231,159.285,4.979,-0.0225206,0.00518546,0.541343,0.840484
742,-43.7154,163.009,4.86229,-0.0229092,0.00464821,0.486458,0.873391
743,-41.2956,166.455,4.75378,-0.0216025,0.00424615,0.454444,0.890503
744,-38.6933,169.719,4.66294,-0.0223061,0.00438003,0.4369,0.899223
745,-35.9619,172.983,4.57249,-0.0194577,0.00535377,0.431081,0.902087
746,-33.2381,176.17,4.48583,-0.016026,0.00473023,0.429146,0.90308
747,-30.6699,179.196,4.41707,-0.013335,0.00736912,0.444292,0.895753
748,-28.2655,182.569,4.32976,-0.0127126,0.00261856,0.513593,0.857936
749,-26.7922,186.61,4.2452,-0.0181891,0.0182724,0.666015,0.745492
750,-27.0068,190.724,4.03767,-0.0117875,0.0211244,0.798306,0.601765
751,-28.8446,194.636,3.87003,-0.00662946,0.0208667,0.893242,0.449042
752,-31.9251,197.934,3.77461,-0.0151035,0.0200473,0.938488,0.3444
753,-35.2983,200.68,3.58966,-0.0154796,0.0199288,0.948979,0.314327
754,-38.5259,203.139,3.4058,-0.00998646,0.0201349,0.952351,0.304175
755,-41.95,205.65,3.27809,-0.0133162,0.0207492,0.955125,0.295172
756,-45.4465,208.147,3.16727,-0.0148195,0.0210343,0.956085,0.291959
757,-48.9342,210.589,3.03098,-0.0109033,0.0172181,0.956847,0.289877
758,-52.4352,213.026,2.89214,-0.00720069,0.0165842,0.957802,0.286858
759,-55.8695,215.378,2.78376,-0.0204318,0.01941,0.958076,0.285125
760,-59.1964,217.693,2.61559,-0.0246822,0.0236673,0.957278,0.287138
761,-62.745,220.171,2.40186,-0.0190828,0.0236726,0.955817,0.292385
762,-66.2114,222.666,2.19386,-0.0132441,0.0225395,0.953663,0.29974
763,-69.6326,225.214,2.02346,-0.00912027,0.0224041,0.95132,0.307252
764,-73.0313,227.804,1.90116,-0.0149911,0.0214423,0.949624,0.312298
765,-76.2863,230.327,1.77335,-0.0120914,0.0161993,0.949099,0.314331
766,-79.4882,232.798,1.66739,-0.0152016,0.0194794,0.954907,0.295877
767,-82.9863,234.94,1.4926,-0.0209183,0.0265133,0.980807,0.192035
768,-87.1719,235.939,1.32165,-0.0109722,0.0303076,0.999476,0.00283887
769,-91.2699,235.344,1.29035,-0.00344494,0.0306802,0.981251,-0.190246
770,-94.8374,233.132,1.36719,-0.00338827,0.0260594,0.915765,-0.400855
771,-97.099,229.512,1.46667,0.00170986,-0.0250975,-0.797385,0.602947
772,-97.3863,225.234,1.62119,-0.00428245,-0.0231071,-0.62598,0.779485
773,-95.6452,221.327,1.82625,-0.0120309,-0.0240514,-0.441615,0.896801
774,-92.6044,218.302,2.0935,-0.015044,-0.00209354,-0.328963,0.944221
775,-89.205,215.738,2.12808,-0.013965,0.0095776,-0.295181,0.955291
776,-85.7642,213.339,2.08,-0.0140535,0.0146301,-0.28597,0.958024
777,-82.2098,210.914,2.02638,-0.0112833,0.0214662,-0.281776,0.959174
778,-78.6123,208.492,1.94215,-0.0126145,0.0184365,-0.282176,0.959102
779,-75.0046,206.039,1.87174,-0.015223,0.014327,-0.284606,0.958417
780,-71.4568,203.613,1.80068,-0.0151312,0.013158,-0.284918,0.958342
781,-67.8854,201.174,1.73814,-0.0122175,0.0202196,-0.284931,0.958257
782,-64.316,198.755,1.66484,-0.014327,0.0241777,-0.284214,0.958349
783,-60.8514,196.389,1.5553,-0.0105428,0.0210303,-0.283878,0.958572
784,-57.4436,194.084,1.43743,-0.0111658,0.015371,-0.280393,0.959697
785,-53.8334,191.69,1.33916,-0.0116931,0.0208642,-0.276236,0.960792
786,-50.3732,189.448,1.22142,-0.0110212,0.0217447,-0.270201,0.962495
787,-46.8861,187.246,1.13688,-0.0062063,0.0226022,-0.268567,0.962976
788,-43.2186,184.876,0.984164,-0.00833514,0.0201191,-0.280226,0.959687
789,-39.986,182.385,0.926804,-0.0175201,-0.000469975,-0.369427,0.929095
790,-37.4802,179.082,1.00466,-0.0163871,-0.000579944,-0.525723,0.850498
791,-36.4959,174.989,1.10223,-0.0152355,-0.00515582,-0.707467,0.706564
792,-37.5873,170.946,1.23147,0.00681357,0.00237675,0.867438,-0.497492
793,-40.5003,168.138,1.2957,0.000501915,0.00671162,0.968212,-0.250041
794,-44.6756,167.192,1.30368,-4.82039e-05,0.00653269,0.999698,0.0236942
795,-48.517,168.23,1.2882,0.000578401,0.00503675,0.977152,0.212482
796,-52.0195,170.338,1.25776,-0.0448256,0.0204987,0.958802,0.279767
797,-55.3664,172.605,0.902463,-0.0380786,0.0165873,0.957951,0.28391
798,-58.984,175.056,0.567721,-0.0373577,0.0161558,0.958995,0.280484
799,-62.59,177.439,0.215875,-0.036092,0.0174915,0.96027,0.276176
800,-66.1753,179.786,-0.105035,-0.0405419,0.0188825,0.960135,0.275934
801,-69.7534,182.13,-0.434889,-0.0433182,0.0188501,0.960194,0.275312
802,-73.3015,184.447,-0.779954,-0.0403268,0.0174788,0.960271,0.275585
803,-76.8181,186.755,-1.13539,-0.0376264,0.0175732,0.960877,0.273846
804,-80.4301,189.098,-1.48192,-0.0427032,0.0204874,0.960682,0.273583
805,-83.9894,191.395,-1.84693,-0.0421745,0.0190347,0.961052,0.272468
806,-87.5262,193.669,-2.18685,-0.046223,0.0187309,0.961478,0.27032
807,-91.0807,195.936,-2.58168,-0.039741,0.0194201,0.96217,0.268837
808,-94.5777,198.135,-2.94357,-0.0395562,0.0189893,0.962615,0.267294
809,-98.055,200.351,-3.2982,-0.0461562,0.0203079,0.958697,0.279924
810,-101.331,202.72,-3.67266,-0.0330686,0.0116677,0.940506,0.337962
811,-104.102,205.788,-3.94088,-0.0309313,0.00851174,0.879569,0.474689
812,-105.601,209.826,-4.178,-0.0280034,0.00203331,0.748792,0.662211
813,-105.09,213.919,-4.32499,-0.0313732,-0.0021802,0.561476,0.826895
814,-102.577,217.171,-4.39914,-0.0326072,-0.00377985,0.310792,0.949911
815,-98.6662,218.591,-4.37556,-0.0319401,-0.0126006,0.0387342,0.998659
816,-94.6573,218.012,-4.21441,-0.0270276,-0.0173452,-0.162754,0.986144
817,-90.8017,215.987,-4.06381,-0.0130865,0.0159636,-0.276219,0.960873
818,-87.1804,213.466,-4.12676,-0.0116367,0.0155345,-0.293421,0.955786
819,-83.7954,211.072,-4.17955,-0.0105287,0.0125686,-0.28731,0.957697
820,-80.1775,208.615,-4.22294,-0.0122177,0.0139209,-0.279911,0.959847
821,-76.8375,206.422,-4.27234,-0.0137856,0.0175382,-0.273963,0.961481
822,-73.4198,204.203,-4.35779,-0.0104653,0.0157409,-0.270439,0.962552
823,-69.8648,201.944,-4.43953,-0.0112297,0.0135419,-0.268196,0.963204
824,-66.2686,199.68,-4.50752,-0.0110126,0.0158259,-0.267124,0.963469
825,-62.5391,197.322,-4.58492,-0.0082926,0.019061,-0.267611,0.963303
826,-58.9877,195.071,-4.69351,-0.00860788,0.0181337,-0.268594,0.963044
827,-55.5451,192.872,-4.77558,-0.00911876,0.0183233,-0.271064,0.962344
828,-51.9888,190.566,-4.87781,-0.00890118,0.0201221,-0.274105,0.961448
829,-48.5983,188.335,-4.96587,-0.0101324,0.0219353,-0.276458,0.960722
830,-45.239,186.121,-5.08452,-0.0104298,0.0288427,-0.27875,0.959874
831,-41.8402,183.834,-5.25783,-0.00725229,0.0215198,-0.279139,0.959982
832,-38.4654,181.583,-5.38666,-0.00689429,0.0121715,-0.277515,0.960619
833,-34.9345,179.266,-5.42848,-0.0104459,-0.00142223,-0.271389,0.962412
834,-31.4605,177.066,-5.35811,-0.0150396,-0.00490014,-0.267312,0.96348
835,-27.9728,174.886,-5.25461,-0.0212728,-0.0195082,-0.264421,0.963976
836,-24.5606,172.798,-5.01735,-0.0199106,0.00691969,-0.260933,0.965127
837,-21.0097,170.479,-5.01445,-0.00892193,0.00690909,-0.343136,0.939218
838,-18.8971,167.019,-4.9376,-0.0102339,-0.0285648,-0.646337,0.762448
839,-19.5629,162.829,-4.7588,-0.00462143,-0.0306824,-0.831933,0.55401
840,-21.754,159.33,-4.63168,-0.0018831,0.0306576,0.887683,-0.459429
841,-24.3404,155.891,-4.53327,-0.0035203,0.0305671,0.887853,-0.459096
842,-26.8179,152.543,-4.44155,-0.00474887,0.0306294,0.884093,-0.466282
843,-29.4459,148.798,-4.34862,-0.00406438,0.0324607,0.878118,-0.477326
844,-31.9816,144.945,-4.23178,-0.00209949,0.0298951,0.871435,-0.489593
845,-34.1261,141.551,-4.12396,-0.0018306,0.0314999,0.866134,-0.498814
846,-36.3636,137.828,-4.002,0.00518623,-0.033321,-0.860848,0.507742
847,-38.3992,134.343,-3.89584,0.00395906,-0.0350755,-0.858466,0.511654
848,-40.4422,130.821,-3.7569,-0.00195832,-0.0404653,-0.858341,0.511478
849,-42.6679,126.927,-3.54281,-0.00870562,-0.0343655,-0.861763,0.506073
850,-44.9203,123.204,-3.32545,0.0152729,0.0327129,0.869107,-0.493304
851,-47.0736,119.769,-3.06976,0.0120945,0.0266812,0.86896,-0.494015
852,-49.196,116.302,-2.83864,0.0151888,0.0234985,0.867454,-0.49673
853,-51.5677,112.7,-2.61424,0.0104377,0.0217119,0.89159,-0.452203
854,-54.3637,109.746,-2.4508,0.00656436,0.0177041,0.949459,-0.313322
855,-58.3253,108.377,-2.41074,0.0104116,0.0185298,0.999773,-0.00158192
856,-62.4357,109.71,-2.37896,0.00314571,0.0235722,0.967343,0.252352
857,-65.848,112.117,-2.42568,5.77666e-05,0.0293879,0.951057,0.307615
858,-69.1673,114.627,-2.49625,0.00031394,0.0298292,0.953023,0.301425
859,-72.6851,117.135,-2.56845,0.000267648,0.029966,0.957026,0.28845
860,-76.0387,119.433,-2.63762,-0.00554918,0.0301893,0.959229,0.280958
861,-79.5948,121.816,-2.7529,-0.00565882,0.0319174,0.960325,0.276991
862,-83.1723,124.172,-2.87008,-0.00562509,0.0320904,0.961098,0.274278
863,-86.7876,126.526,-2.97921,-0.00831394,0.0324891,0.961469,0.272862
864,-90.5386,128.948,-3.12695,-0.00858711,0.0300513,0.961654,0.272478
865,-94.3294,131.399,-3.26674,-0.00938503,0.0278291,0.961951,0.27164
866,-98.2497,133.904,-3.41192,-0.0113969,0.0265141,0.961936,0.271747
867,-101.621,136.07,-3.54997,-0.0119409,0.024287,0.961934,0.271939
868,-105.062,138.273,-3.68106,-0.0157737,0.0219456,0.961983,0.271767
869,-108.45,140.456,-3.83961,-0.0157626,0.0212931,0.961944,0.271959
870,-111.938,142.715,-4.00218,-0.0170403,0.0230306,0.961786,0.272297
871,-115.325,144.919,-4.17866,-0.0170837,0.0228025,0.961683,0.272681
872,-118.862,147.212,-4.35018,-0.0188939,0.0237806,0.961861,0.271845
873,-122.29,149.411,-4.53111,-0.0196935,0.0229496,0.962191,0.270692
874,-125.729,151.641,-4.71856,-0.0194556,0.0249629,0.961511,0.272938
875,-129.471,154.092,-4.93093,-0.0229899,0.0265148,0.960065,0.277568
876,-133.065,156.483,-5.16362,-0.0234983,0.0246439,0.958801,0.282031
877,-136.471,158.813,-5.39263,-0.0251323,0.0234359,0.957278,0.287118
878,-140.109,161.265,-5.64192,-0.0262672,0.023412,0.965311,0.25872
879,-143.842,163.096,-5.86271,-0.0207958,0.0245537,0.988015,0.150963
880,-148.051,163.689,-6.02798,-0.0146536,0.0283723,0.998085,-0.0529864
881,-152.02,162.47,-6.10617,-0.0124353,0.028934,0.961478,-0.273073
882,-155.202,159.509,-6.09035,-0.00648806,0.0313814,0.887325,-0.46003
883,-157.412,155.833,-6.00096,0.00293706,-0.0276549,-0.85261,0.521807
884,-159.432,151.986,-5.89517,0.000792435,-0.0280802,-0.848955,0.527719
885,-161.299,148.419,-5.77388,0.000299777,-0.0250942,-0.858103,0.512865
886,-163.512,144.959,-5.66867,-0.00579063,0.0265927,0.88803,-0.458979
887,-166.238,141.85,-5.61968,-0.00901904,0.0234311,0.933653,-0.3573
888,-169.806,139.827,-5.6441,-0.020957,0.0218274,0.989654,-0.140249
889,-173.852,139.586,-5.81863,-0.0199444,0.0086709,0.995984,0.0868507
890,-177.644,141.074,-5.99021,-0.0245435,0.0110662,0.965227,0.260024
891,-180.942,143.572,-6.24812,-0.0452937,0.0215047,0.919139,0.390729
892,-182.746,147.229,-6.57716,-0.019271,-0.00189728,0.741059,0.67116
893,-181.792,151.57,-6.69358,-0.0212476,-0.0022798,0.534174,0.845104
894,-179.43,155.249,-6.77498,-0.0221704,-0.00106828,0.468374,0.883251
895,-176.789,158.928,-6.86124,-0.0239498,-0.00211497,0.465883,0.88452
896,-174.268,162.451,-6.92992,-0.0237178,-0.00131392,0.469127,0.882811
897,-171.631,166.203,-7.01483,-0.0231918,0.000779804,0.472368,0.881096
898,-169.252,169.608,-7.09225,-0.0243141,-8.83678e-05,0.472624,0.880929
899,-166.458,173.599,-7.18839,-0.0228324,0.00346629,0.471421,0.881606
900,-164.057,177.013,-7.2865,-0.0208085,0.00255545,0.470409,0.8822
901,-161.584,180.513,-7.38231,-0.0233015,0.00250916,0.469214,0.882774
902,-159.098,184.019,-7.48541,-0.021784,0.00394587,0.469373,0.882722
903,-156.593,187.532,-7.57964,-0.0233048,0.00562155,0.468123,0.883338
904,-154.136,190.968,-7.69257,-0.0225699,0.00584752,0.467654,0.883604
905,-151.585,194.545,-7.81388,-0.0211654,0.00926717,0.473941,0.880253
906,-149.314,198.005,-7.93324,-0.0245046,0.005415,0.490289,0.871198
907,-147.174,201.434,-8.04585,-0.0240589,0.00808284,0.500095,0.865599
908,-144.888,205.262,-8.19129,-0.0240456,0.00699525,0.503303,0.863747
909,-142.697,208.908,-8.31899,-0.0226246,0.00827277,0.499644,0.865896
910,-140.453,212.486,-8.44826,-0.0216759,0.0103621,0.4874,0.872848
911,-138.101,215.883,-8.58456,-0.0260297,0.0103089,0.447263,0.893964
912,-135.104,218.823,-8.73413,-0.0235119,0.0092123,0.269809,0.962583
913,-131.098,219.615,-8.65347,-0.0397292,-0.0269172,-0.108704,0.992915
914,-127.468,217.906,-8.36819,-0.030558,-0.0233426,-0.28105,0.958922
915,-123.922,215.366,-8.09836,-0.0258783,-0.0229661,-0.29553,0.954707
916,-120.528,212.988,-7.85149,-0.0264295,-0.0229761,-0.285742,0.957666
917,-117.209,210.719,-7.59371,-0.0215811,-0.0185911,-0.283208,0.958635
918,-113.899,208.486,-7.41792,-0.021027,-0.0122622,-0.282778,0.958876
919,-110.556,206.23,-7.25934,-0.0210267,-0.0135374,-0.282538,0.95893
920,-107.206,203.971,-7.08843,-0.0275323,-0.0387153,-0.280072,0.958803
921,-103.665,201.619,-6.71512,-0.0268765,-0.0383718,-0.279813,0.958911
922,-100.124,199.255,-6.32748,-0.0290616,-0.0401528,-0.278721,0.959092
923,-96.5093,196.851,-5.95532,-0.0231824,-0.0367443,-0.277314,0.959796
924,-92.9571,194.505,-5.59721,-0.0226194,-0.0352541,-0.275962,0.960255
925,-89.3462,192.143,-5.25546,-0.0232644,-0.0349283,-0.275103,0.960498
926,-85.7272,189.777,-4.90375,-0.0238866,-0.0349996,-0.275157,0.960465
927,-82.0102,187.387,-4.54205,-0.0240287,-0.0325596,-0.271148,0.961687
928,-78.3175,185.019,-4.19688,-0.0232784,-0.030627,-0.269925,0.962113
929,-74.5995,182.646,-3.87122,-0.0261996,-0.0320663,-0.270232,0.961904
930,-70.954,180.307,-3.54147,-0.0242073,-0.0305367,-0.271356,0.96169
931,-67.3495,177.977,-3.2231,-0.0233908,-0.0290237,-0.273284,0.961211
932,-63.845,175.703,-2.91079,-0.0230981,-0.0276717,-0.27419,0.961
933,-60.4745,173.517,-2.61151,-0.0231495,-0.0255031,-0.274179,0.961062
934,-56.8947,171.182,-2.31538,-0.0212709,-0.0270045,-0.274663,0.960926
935,-53.361,168.857,-1.98702,-0.0182185,-0.0127858,-0.282945,0.958878
936,-49.9943,166.483,-1.86887,-0.0157491,0.000706122,-0.288397,0.957381
937,-46.3785,164.656,-1.84728,-0.0140704,2.20898e-05,-0.0746864,0.997108
938,-42.1539,165.143,-1.87484,-0.0137072,0.002268,0.217648,0.975928
939,-38.7349,167.384,-1.93409,-0.00889958,0.00322089,0.381362,0.924377
940,-36.0968,170.827,-1.98771,-0.0116664,0.0123799,0.535454,0.844393
941,-34.9386,174.685,-2.10486,-0.010555,0.0109731,0.678871,0.734099
942,-35.3367,179.018,-2.23202,-0.00109287,0.0123406,0.822619,0.568456
943,-37.6166,182.718,-2.30531,-0.000618208,0.00915396,0.918339,0.395687
944,-40.7142,185.517,-2.34845,0.0121727,0.00620611,0.950727,0.309727
945,-44.3874,188.112,-2.24407,0.0148426,0.00383312,0.958294,0.285373
946,-47.7359,190.39,-2.15297,0.0229253,0.00218085,0.959552,0.28059
947,-51.2153,192.698,-2.01384,0.0158043,0.00289458,0.960499,0.27782
948,-54.8054,195.063,-1.87463,0.0113476,0.00538068,0.961004,0.276251
949,-58.4541,197.46,-1.75666,0.0114387,0.00523201,0.96144,0.274726
950,-62.0039,199.767,-1.66373,0.0165869,0.00397251,0.961798,0.273228
951,-65.7022,202.156,-1.58017,0.0179876,0.00255047,0.962006,0.272424
952,-69.0414,204.307,-1.47046,0.0107296,0.0034319,0.962315,0.271704
953,-72.6287,206.623,-1.36256,0.00751616,0.00534638,0.962907,0.269674
954,-76.3638,208.999,-1.29302,0.00929432,0.00318057,0.963046,0.269157
955,-80.0226,211.33,-1.22111,0.0126326,0.00393671,0.961377,0.274919
956,-83.66,213.78,-1.13706,0.0116196,0.00415628,0.958536,0.284705
957,-87.1421,216.178,-1.03596,0.00813491,0.00536849,0.957532,0.288164
958,-90.6115,218.582,-0.941121,-0.0229003,0.0156483,0.95926,0.281159
959,-94.2995,220.81,-1.16392,-0.0221848,0.0187657,0.978904,0.202246
960,-98.3166,221.92,-1.35028,-0.0105039,0.0201078,0.999394,0.0264205
961,-102.707,221.35,-1.40451,-0.0115494,0.0251131,0.979238,-0.200821
962,-106.143,218.957,-1.39414,-0.0021968,0.0250012,0.907634,-0.419012
963,-108.38,215.391,-1.30694,0.003098,-0.0253352,-0.813657,0.580784
964,-109.044,211.238,-1.16664,-0.00559969,-0.0206568,-0.677198,0.735489
965,-107.972,207.136,-0.981442,-0.0128588,-0.0225417,-0.512523,0.858281
966,-105.529,203.722,-0.756606,-0.0143512,-0.0242314,-0.387031,0.921636
967,-102.372,200.974,-0.526273,-0.0232992,-0.0396666,-0.295958,0.954092
968,-98.9627,198.676,-0.147154,-0.018579,-0.0446525,-0.267203,0.962426
969,-95.4673,196.539,0.216054,-0.0328287,-0.0430148,-0.269017,0.961614
970,-92.0256,194.33,0.591709,-0.0258636,-0.0400474,-0.270378,0.961573
971,-88.2561,191.913,0.998323,-0.0230693,-0.0366391,-0.270616,0.961713
972,-84.7065,189.637,1.38067,-0.0243745,-0.0354242,-0.271597,0.96145
973,-80.9514,187.216,1.72373,-0.0262689,-0.0427886,-0.274151,0.960375
974,-77.6149,185.004,2.07279,-0.0249194,-0.0420566,-0.279608,0.958869
975,-74.2538,182.755,2.44833,-0.022734,-0.0332987,-0.280769,0.958928
976,-70.8885,180.507,2.79794,-0.0233467,-0.0330671,-0.279064,0.959419
977,-67.591,178.314,3.1196,-0.0247301,-0.036157,-0.276326,0.960065
978,-63.9864,175.953,3.46246,-0.0245847,-0.0361953,-0.272935,0.961037
979,-60.3263,173.608,3.8331,-0.0235013,-0.0340387,-0.268569,0.962372
980,-56.8449,171.409,4.20197,-0.0229379,-0.0345134,-0.268364,0.962426
981,-53.4912,169.128,4.56212,-0.0192779,-0.0154824,-0.33191,0.942987
982,-50.6883,166.094,4.73236,-0.0198203,-0.0039104,-0.481844,0.876024
983,-49.3001,162.042,4.87076,-0.0184227,-0.00457722,-0.662265,0.749029
984,-49.6085,158.043,5.02077,-0.00880048,-0.00809718,-0.793039,0.609052
985,-51.5337,154.271,5.08171,-0.00152033,0.00336353,0.901571,-0.432615
986,-54.6986,151.793,5.07524,-0.00253902,-0.000261423,0.978103,-0.208107
987,-58.7284,151.166,5.03964,-0.00334625,-0.00160792,0.999296,0.0373286
988,-62.786,152.397,5.01257,-0.0210656,0.00802851,0.979512,0.20012
989,-66.4957,154.359,4.82882,-0.0190539,0.00930029,0.967509,0.251943
990,-70.3092,156.657,4.62281,-0.0160699,0.00708313,0.964933,0.261908
991,-73.738,158.787,4.49721,-0.0131277,0.00671349,0.96396,0.265637
992,-77.2282,160.986,4.40748,-0.0165305,0.007937,0.963192,0.268188
993,-80.7376,163.224,4.29167,-0.0126824,0.00851396,0.962962,0.269206
994,-84.2796,165.491,4.15919,-0.00820885,0.00959675,0.963047,0.269039
995,-87.7672,167.704,4.0441,-0.0225097,0.0126512,0.96267,0.269446
996,-91.1739,169.875,3.88594,-0.0287318,0.0114401,0.962329,0.270123
997,-94.9159,172.26,3.66727,-0.025417,0.00785224,0.962103,0.271388
998,-98.5627,174.605,3.44738,-0.0205128,0.00449895,0.961661,0.273436
999,-102.072,176.89,3.28804,-0.0106169,0.00196399,0.96132,0.275221
1000,-105.561,179.179,3.2141,-0.0193548,0.00551847,0.960139,0.278797
1001,-109.146,181.635,3.08677,-0.0136782,0.00679527,0.95511,0.295859
1002,-112.483,184.226,2.98579,-0.0230478,0.00715111,0.938676,0.343954
1003,-115.368,187.172,2.77503,-0.030068,0.00193053,0.902148,0.430373
1004,-117.39,190.651,2.56588,-0.0327801,-0.00290487,0.826626,0.561787
1005,-118.041,194.971,2.39732,-0.0298965,-0.0037613,0.690928,0.722295
1006,-117.117,198.905,2.30482,-0.0278032,-0.00422208,0.572018,0.819759
1007,-115.227,202.801,2.18209,-0.031513,0.000707804,0.512234,0.858267
1008,-112.911,206.576,2.06286,-0.0322574,0.00113325,0.489568,0.871367
1009,-110.699,209.946,1.95402,-0.0311689,-0.000529798,0.48052,0.876429
1010,-108.378,213.313,1.86276,-0.0284952,-0.000974146,0.471982,0.881147
1011,-106.08,216.549,1.79101,-0.0306842,0.00210413,0.464603,0.884985
1012,-103.507,220.033,1.68767,-0.0293629,-0.0013946,0.459059,0.887919
1013,-100.882,223.569,1.60597,-0.0280697,-0.000186048,0.460194,0.887375
1014,-98.285,227.088,1.5251,-0.028221,-0.00292309,0.457609,0.888701
1015,-95.7031,230.276,1.46949,-0.0326519,-0.00470134,0.398321,0.916653
1016,-92.4613,232.844,1.42018,-0.0378284,0.00214577,0.265363,0.963404
1017,-88.5219,234.267,1.39738,-0.0405794,-0.0060909,0.0826522,0.995733
1018,-84.0976,234.005,1.50049,-0.0335443,-0.0158713,-0.117086,0.992428
1019,-80.3255,232.474,1.68631,-0.0219179,-0.00198997,-0.231362,0.972619
1020,-76.6067,230.147,1.78164,-0.0228859,-0.00193609,-0.289788,0.956815
1021,-73.34,227.829,1.88584,-0.0280494,-0.00757873,-0.296261,0.954665
1022,-69.9234,225.392,2.00657,-0.030854,-0.0107288,-0.294594,0.955064
1023,-66.5393,222.988,2.17392,-0.0295296,-0.0125072,-0.290834,0.956236
1024,-63.1634,220.635,2.37854,-0.0264897,-0.00777805,-0.287017,0.957528
1025,-59.8376,218.358,2.54438,-0.0259668,-0.0137891,-0.284214,0.95831
1026,-56.502,216.093,2.7064,-0.0252119,-0.0155176,-0.281691,0.959048
1027,-53.1756,213.861,2.86939,-0.0223192,-0.00430911,-0.279077,0.96
1028,-49.7886,211.616,2.99195,-0.0201567,-0.00236081,-0.275916,0.960968
1029,-46.3562,209.38,3.08277,-0.0239953,-0.00664008,-0.272717,0.961772
1030,-42.8984,207.152,3.18565,-0.0246668,-0.00855522,-0.270755,0.962294
1031,-39.5085,204.974,3.32185,-0.0259294,-0.00659786,-0.276507,0.960639
1032,-35.9328,202.485,3.50092,-0.0258343,-0.00844479,-0.315063,0.948681
1033,-32.811,199.713,3.6852,-0.0243433,-0.00542705,-0.384163,0.922929
1034,-30.1716,196.364,3.80759,-0.0253544,-0.00213131,-0.485825,0.873686
1035,-28.5365,192.654,3.95882,-0.0246261,-0.00532764,-0.597123,0.801754
1036,-27.959,188.621,4.14666,-0.017507,-0.00903742,-0.69701,0.71679
1037,-28.4102,184.545,4.28882,-0.00831465,-0.00415577,-0.774604,0.632378
1038,-29.692,180.519,4.38616,-0.00753684,-0.00460369,-0.823966,0.566571
1039,-31.4624,176.759,4.48732,-0.00656546,-0.00498715,-0.858642,0.51251
1040,-33.9657,173.318,4.57622,0.0049795,0.00847873,0.916694,-0.399469
1041,-37.2044,170.81,4.63983,0.000875535,0.0104275,0.967161,-0.253948
1042,-41.0423,169.465,4.65693,-0.00274106,0.00867466,0.995577,-0.0935098
1043,-45.137,169.411,4.65504,-0.00427226,0.00729562,0.998264,0.0582906
1044,-49.0669,170.369,4.64296,-0.0106232,0.0163254,0.986671,0.161558
1045,-53.0555,172.172,4.44211,-0.043099,0.0176972,0.971471,0.232538
1046,-56.7059,174.269,4.06728,-0.041166,0.0182153,0.966404,0.253058
1047,-60.1203,176.321,3.75133,-0.0427431,0.0159988,0.965122,0.25779
1048,-63.9069,178.628,3.38429,-0.0393155,0.0168779,0.964518,0.26053
1049,-67.4059,180.765,3.04401,-0.0371459,0.0165778,0.964701,0.260184
1050,-70.8669,182.885,2.72299,-0.0436645,0.0179798,0.964165,0.261066
1051,-74.2994,185.005,2.40145,-0.0483545,0.0209086,0.963597,0.262118
1052,-77.9406,187.254,2.00288,-0.0430948,0.0183993,0.963266,0.264428
1053,-81.3702,189.42,1.63639,-0.038762,0.0163417,0.962178,0.269151
1054,-84.9717,191.724,1.27606,-0.0450297,0.0195937,0.961137,0.27167
1055,-88.3451,193.9,0.933064,-0.0467929,0.0208173,0.960826,0.272379
1056,-91.7756,196.117,0.567083,-0.0457969,0.0208233,0.960992,0.27196
1057,-95.3299,198.445,0.16364,-0.040902,0.0228693,0.960574,0.274045
1058,-98.9563,200.794,-0.233291,-0.0461099,0.0179581,0.957531,0.284053
1059,-102.429,203.364,-0.59978,-0.0321516,0.012235,0.936543,0.34886
1060,-105.142,206.676,-0.864376,-0.0296888,0.00489264,0.861558,0.506767
1061,-106.301,210.777,-1.07263,-0.0272725,0.00244712,0.726201,0.686936
1062,-105.718,214.872,-1.21057,-0.0294531,-0.00151629,0.593533,0.804269
1063,-103.877,218.763,-1.33247,-0.0263493,-0.00081528,0.504781,0.862844
1064,-101.652,222.217,-1.4117,-0.0271691,-0.00201943,0.481106,0.876239
1065,-99.3753,225.616,-1.47716,-0.0253337,-0.00218074,0.481743,0.875943
1066,-96.9969,229.224,-1.54108,-0.0254203,-0.00384694,0.477955,0.878008
1067,-94.5747,232.405,-1.59468,-0.0327037,0.00388762,0.39467,0.918232
1068,-91.1688,234.764,-1.67194,-0.0345962,-0.00243234,0.185436,0.982044
1069,-87.1228,235.333,-1.62956,-0.03454,-0.00996459,-0.0336905,0.998786
1070,-83.1818,234.361,-1.48905,-0.028319,-0.0151421,-0.175433,0.983967
1071,-79.5756,232.593,-1.33609,-0.023224,-0.00349211,-0.251323,0.967618
1072,-75.9585,230.311,-1.23893,-0.0229258,0.000295335,-0.276465,0.960751
1073,-72.6051,228.113,-1.15287,-0.0253952,-0.00264232,-0.27754,0.960375
1074,-69.1045,225.827,-1.06742,-0.02867,-0.00601892,-0.27583,0.96076
1075,-65.624,223.546,-0.927121,-0.0309836,-0.0149694,-0.275703,0.960627
1076,-62.1343,221.241,-0.718037,-0.024614,-0.00818299,-0.27813,0.960193
1077,-58.6127,218.894,-0.558965,-0.0221455,-0.00853092,-0.280174,0.959656
1078,-55.1558,216.57,-0.414454,-0.0219155,-0.0107811,-0.281465,0.959261
1079,-51.765,214.284,-0.293707,-0.0218803,-0.00761026,-0.282954,0.958854
1080,-48.2225,211.885,-0.158861,-0.0206475,0.000468773,-0.283156,0.958851
1081,-44.9224,209.642,-0.0754831,-0.0209608,-0.000199318,-0.284261,0.958518
1082,-41.3021,207.192,0.00815956,-0.0241387,-0.00551869,-0.28385,0.958549
1083,-37.9322,204.9,0.12515,-0.0249854,-0.0124471,-0.282664,0.958813
1084,-34.3583,202.455,0.283341,-0.0222087,-0.0114682,-0.294779,0.955238
1085,-30.9593,199.732,0.453935,-0.0186653,0.00525966,-0.374964,0.926836
1086,-28.4938,196.496,0.508674,-0.0241197,0.000585376,-0.509243,0.860285
1087,-27.211,192.618,0.638303,-0.0220332,-0.00387672,-0.648434,0.760943
1088,-27.2842,188.597,0.803296,-0.0152286,-0.00745529,-0.767657,0.640636
1089,-28.7516,184.733,0.916124,-0.00455384,-0.00728151,-0.852319,0.522953
1090,-30.9441,181.143,0.988299,0.00444745,0.0078977,0.872998,-0.487641
1091,-33.1289,177.77,1.06505,0.00535837,0.00769725,0.872217,-0.489028
1092,-35.3324,174.337,1.14255,0.00704824,0.00973364,0.870965,-0.491197
1093,-37.495,170.911,1.24586,0.00421919,0.00764501,0.869272,-0.494257
1094,-39.678,167.404,1.32621,0.00679062,0.00810397,0.867991,-0.496467
1095,-41.9863,163.648,1.43425,0.00574193,0.00806817,0.866458,-0.499152
1096,-44.2084,160.013,1.53874,0.00778517,0.00894292,0.87044,-0.492132
1097,-46.6792,156.461,1.66178,0.0054305,0.00950366,0.901445,-0.432755
1098,-49.8296,153.559,1.70547,-0.00518166,0.00120349,0.958716,-0.284316
1099,-53.8157,152.027,1.66394,-0.00422559,7.1624e-05,0.995998,-0.0892749
1100,-57.8101,152.061,1.63442,-0.00277793,-0.000548779,0.996966,0.077789
1101,-61.8196,153.375,1.62482,-0.0160968,0.00825099,0.979618,0.200055
1102,-65.468,155.278,1.47298,-0.0176467,0.00627078,0.968613,0.247867
1103,-69.2794,157.575,1.28597,-0.0170372,0.00282095,0.962986,0.268997
1104,-72.593,159.756,1.15386,-0.0100467,0.00318248,0.96013,0.279355
1105,-75.9888,162.044,1.09614,-0.01349,0.00419385,0.959044,0.282904
1106,-79.2843,164.294,1.0143,-0.00994634,0.0058237,0.959109,0.282799
1107,-82.9532,166.787,0.899851,-0.0103679,0.00627102,0.959066,0.282921
1108,-86.372,169.092,0.788686,-0.0195936,0.00842188,0.958908,0.282914
1109,-89.7464,171.382,0.654065,-0.0258634,0.00775435,0.958704,0.283121
1110,-93.4554,173.871,0.444709,-0.0234199,0.0048422,0.95922,0.281645
1111,-96.8142,176.119,0.268774,-0.0215154,0.0015252,0.959732,0.280088
1112,-100.409,178.518,0.115236,-0.011755,0.000334378,0.960696,0.277352
1113,-103.969,180.852,0.0256551,-0.0187355,0.00443094,0.961208,0.275153
1114,-107.46,183.12,-0.0891878,-0.0152213,0.00352911,0.96141,0.274676
1115,-111.014,185.559,-0.186907,-0.014826,0.00607203,0.950675,0.309776
1116,-114.27,188.425,-0.379427,-0.0286762,0.00136345,0.914754,0.402992
1117,-116.499,192.006,-0.588404,-0.0306317,-0.00404856,0.825297,0.563854
1118,-117.157,196.213,-0.736629,-0.0281574,-0.00768086,0.693772,0.719603
1119,-116.077,200.49,-0.814003,-0.0327348,0.00198986,0.560015,0.827833
1120,-114.043,204.25,-0.955556,-0.0327571,-0.000225287,0.489161,0.871578
1121,-111.504,207.859,-1.06168,-0.0302082,3.79896e-05,0.463482,0.885591
1122,-109.142,211.085,-1.1493,-0.0256838,-0.00160754,0.464344,0.885281
1123,-106.827,214.333,-1.21937,-0.0259238,-0.00305231,0.470103,0.882226
1124,-104.473,217.661,-1.28672,-0.026948,0.00159216,0.469553,0.882492
1125,-101.927,221.216,-1.37629,-0.0248083,0.000619837,0.466747,0.884043
1126,-99.4137,224.705,-1.45036,-0.0229719,-0.00184738,0.465571,0.88471
1127,-96.931,228.153,-1.50774,-0.023214,-0.00430727,0.46654,0.884185
1128,-94.4815,231.62,-1.55372,-0.0280457,0.00755901,0.47248,0.880863
1129,-92.0576,235.172,-1.70569,-0.0288636,0.00721758,0.480691,0.876385
1130,-89.6891,238.781,-1.85171,-0.0291181,0.00762459,0.488854,0.871846
1131,-87.4189,242.397,-1.99172,-0.0284696,0.00403957,0.491777,0.870246
1132,-84.9803,245.972,-2.11043,-0.0325093,0.00124802,0.43694,0.898902
1133,-81.7998,248.901,-2.20288,-0.0328126,-0.000147998,0.286596,0.95749
1134,-77.8892,250.391,-2.21237,-0.0354186,-0.0094527,0.0744323,0.996552
1135,-73.5677,250.108,-2.08706,-0.0333027,-0.0164515,-0.121004,0.991957
1136,-69.7696,248.581,-1.91041,-0.0242454,-0.000553552,-0.222919,0.974535
1137,-65.9315,246.409,-1.8212,-0.0175419,-0.00232023,-0.253927,0.967062
1138,-62.4745,244.298,-1.74065,-0.0166104,-0.0106679,-0.26492,0.964068
1139,-58.9558,242.062,-1.62206,-0.0142239,-0.0116805,-0.269914,0.962708
1140,-55.403,239.765,-1.47292,-0.0128674,-0.011619,-0.274301,0.961488
1141,-51.8726,237.477,-1.31789,-0.0171227,-0.0113546,-0.274816,0.961277
1142,-48.3548,235.18,-1.1547,-0.0206001,-0.0113753,-0.274678,0.961248
1143,-44.9711,232.967,-1.02404,-0.0209914,-0.0129597,-0.274388,0.961303
1144,-41.1672,230.492,-0.869967,-0.0212397,-0.00884215,-0.273815,0.961507
1145,-37.4576,228.074,-0.734946,-0.0186832,-0.00142457,-0.272367,0.962011
1146,-33.8046,225.715,-0.643613,-0.0151376,-0.00181432,-0.271539,0.962307
1147,-30.2221,223.41,-0.562944,-0.0163479,-0.00683106,-0.269448,0.962852
1148,-26.7475,221.206,-0.458041,-0.0192312,-0.0120944,-0.268937,0.96289
1149,-23.1291,218.846,-0.317141,-0.0234525,-0.00811772,-0.29604,0.954853
1150,-19.8952,216.112,-0.161453,-0.0217654,0.00702002,-0.393549,0.919019
1151,-17.6128,212.616,-0.095288,-0.0203414,-0.000827018,-0.546382,0.837289
1152,-16.6912,208.322,0.0399391,-0.0199182,-0.00639661,-0.694853,0.718848
1153,-17.3061,204.332,0.197167,-0.0155624,-0.0101709,-0.799862,0.599894
1154,-18.9784,200.609,0.331601,-0.00744048,-0.0120073,-0.856218,0.516421
1155,-21.1368,197.04,0.455385,0.00656267,0.0138424,0.8718,-0.489623
1156,-23.4595,193.513,0.583335,0.00969709,0.0161506,0.87803,-0.478234
1157,-25.7799,190.101,0.721389,0.0134649,0.0115831,0.880759,-0.473232
1158,-28.1168,186.73,0.878299,0.00200732,0.00730951,0.878568,-0.477558
1159,-30.4344,183.321,0.933435,0.00362795,0.010179,0.877795,-0.478916
1160,-32.7751,179.844,1.00977,0.00346574,0.0099607,0.876581,-0.481138
1161,-35.137,176.318,1.09697,0.00300192,0.00953728,0.876655,-0.481016
1162,-37.4849,172.782,1.18809,0.0057518,0.00806118,0.875921,-0.482353
1163,-39.8842,169.175,1.27508,0.00489181,0.00888476,0.875327,-0.483424
1164,-42.2287,165.646,1.3653,0.00393145,0.011964,0.874789,-0.484341
1165,-44.5394,162.134,1.45894,0.00612228,0.0125277,0.87441,-0.484986
1166,-46.79,158.689,1.5677,0.0088252,0.0111066,0.873899,-0.485899
1167,-48.9745,155.348,1.69283,-0.00521567,0.00602998,0.872946,-0.487751
1168,-51.2155,151.872,1.69934,-0.00320157,0.00797058,0.871434,-0.490439
1169,-53.4131,148.394,1.73147,-0.00137859,0.00832748,0.869116,-0.494537
1170,-55.6022,144.868,1.77711,0.000943746,0.00769633,0.8685,-0.495629
1171,-57.7796,141.395,1.82987,0.00379925,0.0105477,0.874798,-0.484357
1172,-60.3094,137.931,1.89376,-9.64352e-05,0.00371641,0.91062,-0.413228
1173,-63.6266,135.289,1.90792,-0.00240515,0.00244439,0.971755,-0.235968
1174,-67.6114,134.237,1.89033,-0.00156282,0.0016325,0.99958,-0.0289005
1175,-71.8767,134.897,1.85616,-0.00260464,0.00255527,0.987347,0.158536
1176,-75.6097,136.774,1.79203,-0.0164361,0.00736788,0.962596,0.27034
1177,-79.049,139.249,1.65076,-0.0184654,0.0106905,0.951586,0.306641
1178,-82.4671,141.876,1.49879,-0.0107728,0.0118323,0.950816,0.30934
1179,-85.9019,144.492,1.38394,-0.009134,0.0103009,0.951795,0.306424
1180,-89.1123,146.869,1.28514,-0.0104357,0.00671087,0.953882,0.299925
1181,-92.6709,149.426,1.19471,-0.014668,0.00960621,0.956365,0.291647
1182,-96.3262,151.955,1.08261,-0.0190942,0.0115712,0.95862,0.283812
1183,-100.075,154.479,0.916291,-0.0182747,0.0111166,0.959684,0.280268
1184,-103.715,156.916,0.739903,-0.0167249,0.0117759,0.960547,0.277365
1185,-107.446,159.381,0.553703,-0.0162697,0.0152266,0.960906,0.275974
1186,-110.876,161.63,0.405913,-0.0126529,0.0140343,0.96151,0.274118
1187,-114.383,163.897,0.293107,-0.0189157,0.0125852,0.960167,0.2785
1188,-117.695,166.171,0.154856,-0.0129515,0.00944923,0.954948,0.296339
1189,-121.173,168.867,0.0263603,-0.0140232,0.00321636,0.937605,0.347403
1190,-123.961,171.797,-0.102678,-0.0345322,0.00384053,0.897833,0.438963
1191,-125.932,175.587,-0.334018,-0.0314703,-0.0010137,0.810063,0.585496
1192,-126.446,179.986,-0.516524,-0.0265042,-0.00525057,0.68914,0.724123
1193,-125.491,184.219,-0.60715,-0.0298439,-0.00269381,0.573198,0.818869
1194,-123.688,187.763,-0.688582,-0.0231274,-0.00462873,0.505128,0.862722
1195,-121.589,191.205,-0.730323,-0.0231487,-0.00475143,0.497201,0.867314
1196,-119.451,194.704,-0.765171,-0.0234941,-0.0059091,0.498512,0.866544
1197,-117.357,198.151,-0.801446,-0.0237816,-0.00758388,0.499358,0.866036
1198,-115.262,201.59,-0.857948,-0.0288188,0.00284464,0.500685,0.865145
1199,-113.011,205.35,-0.98165,-0.0305513,0.000803412,0.502097,0.864271
1200,-110.753,209.081,-1.09593,-0.0311686,-0.00114553,0.495661,0.867956
1201,-108.445,212.59,-1.18434,-0.0287137,-0.00252513,0.462582,0.886108
1202,-105.807,215.687,-1.23437,-0.0277282,-0.00123497,0.375849,0.926265
1203,-102.234,218.117,-1.27227,-0.0292751,-0.00640175,0.203956,0.978521
1204,-98.2119,218.98,-1.20263,-0.0300206,-0.0156995,0.00691533,0.999402
1205,-94.2164,218.241,-1.02838,-0.0264352,-0.01839,-0.173962,0.984226
1206,-90.3148,216.161,-0.917319,-0.0108996,0.0165259,-0.267613,0.963323
1207,-86.9309,213.926,-0.988615,-0.0120577,0.0185845,-0.28188,0.959194
1208,-83.4642,211.563,-1.06753,-0.0115006,0.0153287,-0.283428,0.958802
1209,-79.776,209.068,-1.16992,-0.013433,0.0092061,-0.279874,0.959899
1210,-76.4365,206.855,-1.24294,-0.0113517,0.0106755,-0.274841,0.961363
1211,-72.8829,204.537,-1.28175,-0.0093067,0.0205462,-0.274804,0.961236
1212,-69.2127,202.134,-1.38098,-0.0100171,0.018374,-0.276658,0.960741
1213,-65.5988,199.761,-1.48632,-0.0132167,0.0178833,-0.277172,0.960563
1214,-62.2486,197.523,-1.5898,-0.0120565,0.0182435,-0.277517,0.960472
1215,-58.5461,195.089,-1.69637,-0.00913236,0.0236977,-0.276694,0.960622
1216,-55.0597,192.805,-1.79804,-0.0103883,0.0257156,-0.272481,0.961761
1217,-51.6627,190.611,-1.91924,-0.00963727,0.0210892,-0.269708,0.962663
1218,-48.1468,188.387,-2.06257,-0.0139032,0.0180436,-0.268195,0.963095
1219,-44.7335,186.191,-2.16523,-0.0111646,0.0240072,-0.282416,0.958927
1220,-41.4307,183.709,-2.2795,-0.0166415,0.0034428,-0.35682,0.934019
1221,-38.8176,180.411,-2.22661,-0.0154754,0.00272748,-0.509453,0.860355
1222,-37.5846,176.612,-2.15993,-0.0167876,-0.00196851,-0.655158,0.755303
1223,-37.8038,172.545,-2.03484,-0.00835608,-0.00546336,-0.77411,0.632973
1224,-39.2386,168.458,-1.95827,-0.00957619,-0.00567891,-0.839358,0.543465
1225,-41.1614,164.833,-1.85592,-0.00917257,-0.00567856,-0.857053,0.515116
1226,-43.3197,161.039,-1.73897,-0.00918436,-0.00516038,-0.863683,0.503926
1227,-45.4931,157.693,-1.63434,0.00972398,0.00742754,0.889617,-0.456545
1228,-48.2817,154.652,-1.52854,-0.00314204,0.00236362,0.938997,-0.343905
1229,-51.6554,152.594,-1.53491,-0.00546621,-0.000924917,0.980224,-0.197814
1230,-55.8208,151.695,-1.55994,-0.00390364,-0.000694398,0.999773,-0.0209113
1231,-59.8832,152.217,-1.57921,0.00119456,0.00211769,0.992131,0.125179
1232,-63.7913,153.774,-1.64623,-0.018523,0.00758347,0.97426,0.224539
1233,-67.3258,155.775,-1.79522,-0.0192033,0.00309225,0.965225,0.260696
1234,-70.8047,157.999,-1.93258,-0.0137836,0.00423486,0.960921,0.276448
1235,-74.4102,160.406,-2.02374,-0.00561303,0.00165295,0.959434,0.281871
1236,-77.9925,162.828,-2.09589,-0.00790915,0.00477849,0.959275,0.282321
1237,-81.6265,165.29,-2.17207,-0.0120402,0.00789935,0.959541,0.2812
1238,-85.2624,167.712,-2.2585,-0.0217676,0.0102324,0.959964,0.279091
1239,-88.5965,169.924,-2.42096,-0.0191858,0.0070752,0.960587,0.277229
1240,-92.2619,172.323,-2.60754,-0.018718,0.00339473,0.961506,0.274126
1241,-95.9461,174.698,-2.77341,-0.0215531,0.00415181,0.962342,0.270955
1242,-99.5597,177.006,-2.92622,-0.0201282,0.00393892,0.962869,0.269192
1243,-103.274,179.386,-3.05704,-0.0170983,0.00435158,0.961673,0.273628
1244,-106.787,181.714,-3.17849,-0.0105558,0.00207889,0.958999,0.283205
1245,-110.207,184.123,-3.26993,-0.00915987,0.00334935,0.951749,0.306722
1246,-113.468,186.818,-3.36585,-0.0327816,0.00530076,0.926082,0.375858
1247,-115.923,190.048,-3.5928,-0.0332481,0.0015666,0.859304,0.510382
1248,-117.122,194.197,-3.79374,-0.0254669,-0.00413074,0.735703,0.676813
1249,-116.63,198.255,-3.89318,-0.0284305,-0.00307947,0.597912,0.801052
1250,-114.862,202.051,-4.00822,-0.0288653,-0.000107154,0.505389,0.862408
1251,-112.664,205.429,-4.10664,-0.0302857,0.0019344,0.475876,0.878989
1252,-110.299,208.83,-4.21053,-0.0276618,0.000788299,0.4737,0.880252
1253,-107.883,212.327,-4.30796,-0.0267962,0.000924338,0.475106,0.87952
1254,-105.557,215.714,-4.39786,-0.025426,0.000465264,0.477633,0.878192
1255,-103.31,219.04,-4.48183,-0.0274285,0.00136907,0.479622,0.877045
1256,-101.097,222.343,-4.564,-0.0269441,0.000560699,0.482212,0.87564
1257,-98.8692,225.737,-4.64263,-0.0259192,-0.00188305,0.484035,0.874663
1258,-96.6175,229.056,-4.71883,-0.0291567,-0.00313112,0.455636,0.889683
1259,-93.9618,232.05,-4.78293,-0.0352941,0.00173423,0.359426,0.932504
1260,-90.3068,234.282,-4.84966,-0.0381856,-0.00263052,0.181678,0.982613
1261,-86.3832,234.964,-4.81568,-0.0333774,-0.00964916,0.000381948,0.999396
1262,-82.4113,234.16,-4.68101,-0.0274674,-0.0117042,-0.169552,0.985069
1263,-78.6072,232.267,-4.56179,-0.0251494,-0.00686601,-0.257779,0.965852
1264,-75.159,230.048,-4.45567,-0.0240826,-0.00138859,-0.27947,0.959851
1265,-71.6246,227.669,-4.3416,-0.0259994,-0.00135725,-0.283779,0.958536
1266,-67.9954,225.213,-4.23739,-0.0304151,-0.00705477,-0.285279,0.957936
1267,-64.4491,222.787,-4.0771,-0.030471,-0.0136698,-0.284628,0.958056
1268,-60.9904,220.42,-3.89042,-0.0277711,-0.0120301,-0.283674,0.958443
1269,-57.6174,218.126,-3.71055,-0.0231359,-0.00616497,-0.2835,0.958673
1270,-54.1193,215.755,-3.56373,-0.0215278,-0.00389544,-0.281626,0.959275
1271,-50.6042,213.397,-3.46338,-0.0229708,-0.00592721,-0.278703,0.960084
1272,-46.9875,211.013,-3.36161,-0.0231648,-0.00358494,-0.276623,0.960693
1273,-43.2936,208.6,-3.27799,-0.0239541,0.000822688,-0.274118,0.961397
1274,-39.6321,206.249,-3.18607,-0.025332,-0.00285943,-0.271463,0.962111
1275,-36.1601,204.01,-3.04958,-0.022789,-0.00588375,-0.277419,0.960461
1276,-32.5939,201.48,-2.91064,-0.0251181,-0.00932508,-0.328574,0.944098
1277,-29.7103,198.55,-2.78106,-0.0209796,0.00484229,-0.449446,0.893048
1278,-27.9164,194.994,-2.69947,-0.0216434,-0.00286991,-0.587606,0.808852
1279,-27.3686,190.684,-2.5412,-0.0223518,-0.00651492,-0.724458,0.688925
1280,-28.2591,186.738,-2.37133,-0.00713113,-0.00445756,-0.815354,0.578903
1281,-30.1414,182.814,-2.30026,-0.00431329,-0.00843023,-0.857651,0.514147
1282,-32.2228,179.266,-2.21778,-0.00537032,-0.00710471,-0.86521,0.501334
1283,-34.2912,175.87,-2.13458,0.00722298,0.00688714,0.867612,-0.497142
1284,-36.4184,172.442,-2.04264,0.00795935,0.00892869,0.86858,-0.495404
1285,-38.5688,168.999,-1.97422,0.00687144,0.00768078,0.869568,-0.493706
1286,-40.6902,165.615,-1.88283,0.00781988,0.0065265,0.870498,-0.492067
1287,-42.8237,162.261,-1.78615,0.00863468,0.006336,0.871074,-0.491035
1288,-45.1424,158.641,-1.67249,0.0093301,0.00861955,0.872489,-0.488469
1289,-47.4613,155.033,-1.54723,0.000969612,0.00416987,0.873005,-0.487693
1290,-49.6296,151.682,-1.50966,0.000115943,0.00377518,0.87356,-0.486701
1291,-52.0126,148.008,-1.47442,0.00186396,0.00247542,0.874216,-0.485527
1292,-54.4548,144.347,-1.42719,0.00390028,0.00384092,0.882824,-0.469671
1293,-57.0897,140.93,-1.37381,0.00413144,0.00384223,0.910369,-0.413761
1294,-60.2423,138.133,-1.33581,-0.00318996,0.00255969,0.956469,-0.291806
1295,-64.1521,136.41,-1.34528,-0.00150947,0.00293282,0.992018,-0.126052
1296,-68.3665,136.127,-1.34504,-0.00112587,-0.000302684,0.998775,0.0494718
1297,-72.5596,137.323,-1.3378,-0.018374,0.00565157,0.980182,0.197166
1298,-76.0859,139.293,-1.48453,-0.0148005,0.0110454,0.962236,0.271588
1299,-79.6222,141.676,-1.63485,-0.0101012,0.0106219,0.95793,0.286627
1300,-83.2423,144.21,-1.75772,-0.00691418,0.0101335,0.955562,0.294535
1301,-86.7186,146.717,-1.8213,-0.0126367,0.00780488,0.953716,0.300343
1302,-90.1076,149.212,-1.9003,-0.0128232,0.00715093,0.953553,0.300865
1303,-93.4356,151.645,-2.00733,-0.00998978,0.00819491,0.95543,0.294936
1304,-96.8524,154.046,-2.13199,-0.014959,0.0120991,0.958601,0.284101
1305,-100.443,156.429,-2.28303,-0.0210744,0.0129575,0.962171,0.271321
1306,-104.056,158.719,-2.44589,-0.0214787,0.0203841,0.965558,0.258495
1307,-107.736,160.889,-2.63469,-0.0145656,0.0173162,0.968191,0.249186
1308,-111.338,162.945,-2.76009,-0.00967598,0.0143244,0.969493,0.244509
1309,-115.143,165.078,-2.87371,-0.0131822,0.0104381,0.969177,0.245793
1310,-118.705,167.194,-2.96839,-0.0145319,0.00635887,0.960755,0.276945
1311,-121.94,169.642,-3.07397,-0.0232347,0.00309075,0.933886,0.356801
1312,-124.615,172.784,-3.27617,-0.0315399,0.00360045,0.877285,0.478919
1313,-126.242,176.742,-3.49324,-0.0270028,0.000233733,0.783772,0.620461
1314,-126.416,180.981,-3.62506,-0.0288339,-0.00286822,0.663282,0.747809
1315,-125.193,185.042,-3.72723,-0.0273105,-0.00433907,0.548419,0.835746
1316,-123.023,188.807,-3.79323,-0.0235568,-0.0040304,0.487358,0.872875
1317,-120.805,192.141,-3.84015,-0.0221401,-0.00510178,0.47963,0.877176
1318,-118.546,195.509,-3.8752,-0.0232222,-0.00593443,0.480391,0.876727
1319,-116.25,198.959,-3.90685,-0.0272172,-0.000455363,0.482317,0.875574
1320,-113.978,202.372,-4.01337,-0.0249245,0.00150393,0.482832,0.875357
1321,-111.684,205.838,-4.10933,-0.027484,0.00303535,0.482788,0.8753
1322,-109.396,209.282,-4.21511,-0.0263381,0.00200479,0.483596,0.874893
1323,-107.143,212.706,-4.31519,-0.0264076,0.000292111,0.484677,0.874294
1324,-104.907,216.113,-4.40209,-0.0249409,0.00107242,0.486086,0.873554
1325,-102.541,219.741,-4.49536,-0.0253032,0.00158648,0.488284,0.872316
1326,-100.25,223.315,-4.58428,-0.0262338,9.86326e-05,0.489793,0.871444
1327,-97.954,226.906,-4.6749,-0.0265287,-0.00205098,0.490961,0.870775
1328,-95.7195,230.437,-4.75659,-0.0301104,0.0018043,0.491591,0.870304
1329,-93.4304,234.039,-4.89282,-0.0304272,0.00541422,0.49219,0.869939
1330,-91.0943,237.728,-5.04499,-0.0305174,0.00523234,0.491897,0.870103
1331,-88.7577,241.368,-5.18862,-0.0319359,0.004381,0.479004,0.877221
1332,-86.166,244.886,-5.32098,-0.0293021,0.000911598,0.425905,0.904293
1333,-83.1036,247.828,-5.40165,-0.0343241,0.00150289,0.318053,0.94745
1334,-79.248,249.818,-5.45561,-0.0361067,-0.00429192,0.153999,0.987402
1335,-74.9657,250.339,-5.39749,-0.0356319,-0.0112217,-0.0292771,0.998873
1336,-70.7108,249.293,-5.21478,-0.0279339,-0.000871404,-0.186361,0.982084
1337,-67.2027,247.387,-5.13405,-0.0187779,-0.00693529,-0.26713,0.963453
1338,-63.6561,245.036,-5.0429,-0.0172207,-0.0116477,-0.281926,0.959211
1339,-59.9998,242.55,-4.90295,-0.0146887,-0.00591372,-0.283708,0.95878
1340,-56.4132,240.113,-4.77837,-0.015604,-0.0108455,-0.281831,0.959276
1341,-52.6996,237.63,-4.5981,-0.0170287,-0.0128703,-0.279304,0.959965
1342,-49.084,235.252,-4.43563,-0.0210219,-0.0139313,-0.275075,0.961092
1343,-45.4637,232.907,-4.27468,-0.0203356,-0.0131814,-0.270614,0.962383
1344,-41.7725,230.574,-4.11623,-0.0201833,-0.00512502,-0.264998,0.964024
1345,-38.1008,228.298,-3.99919,-0.0163807,-0.00300954,-0.257989,0.966004
1346,-34.4768,226.139,-3.90799,-0.0166363,-0.00164259,-0.250525,0.967966
1347,-30.9632,224.116,-3.84505,-0.0175084,-0.00703825,-0.246443,0.968974
1348,-27.1732,221.916,-3.72895,-0.01758,-0.00763329,-0.262177,0.964829
1349,-23.708,219.606,-3.60787,-0.0223678,-0.00821423,-0.306267,0.951647
1350,-20.5588,216.894,-3.44604,-0.0214345,0.0014902,-0.388895,0.921031
1351,-18.1182,213.511,-3.36302,-0.0195815,0.00291666,-0.516673,0.855954
1352,-16.8762,209.614,-3.25639,-0.0180798,-0.00771297,-0.646221,0.762898
1353,-16.9289,205.458,-3.08854,-0.0158579,-0.0107022,-0.759659,0.650039
1354,-18.2865,201.335,-2.9362,-0.00914496,-0.0142389,-0.836617,0.547526
1355,-20.4519,197.51,-2.79647,0.00552802,0.0162966,0.869738,-0.493213
1356,-22.6113,194.121,-2.6807,0.00839043,0.0164349,0.871146,-0.490678
1357,-24.7441,190.697,-2.53928,0.0104204,0.0125625,0.868527,-0.495372
1358,-27.0182,186.949,-2.38785,-0.00639175,-0.00706081,-0.865355,0.501068
1359,-29.0799,183.497,-2.30815,-0.004345,-0.00588091,-0.861851,0.507106
1360,-31.2547,179.681,-2.22381,-0.00523996,-0.00588286,-0.857578,0.514295
1361,-33.3772,175.903,-2.13289,-0.00697599,-0.00335053,-0.863903,0.5036
1362,-35.5667,172.585,-2.04611,0.00874825,0.00646167,0.894038,-0.447859
1363,-38.5127,169.593,-1.97636,0.00254545,0.00493709,0.948944,-0.315397
1364,-42.4028,167.802,-1.93414,0.00262672,0.00278713,0.993835,-0.110805
1365,-46.3638,167.721,-1.90787,-0.00221243,0.00647736,0.996683,0.0810899
1366,-50.1612,169.035,-1.91791,-0.0179933,0.0140649,0.974776,0.222015
1367,-53.7785,171.182,-2.15868,-0.0315183,0.0176526,0.962137,0.270161
1368,-57.1145,173.332,-2.42854,-0.0321214,0.0179953,0.961008,0.274059
1369,-60.4763,175.534,-2.6881,-0.0357877,0.0163826,0.960312,0.276136
1370,-64.0669,177.903,-3.00744,-0.0358512,0.0182537,0.959988,0.277136
1371,-67.4325,180.124,-3.3055,-0.0351752,0.0176403,0.960159,0.276669
1372,-70.8155,182.352,-3.59959,-0.0372206,0.0177988,0.960592,0.274885
1373,-74.4126,184.711,-3.9287,-0.0369733,0.0193006,0.960808,0.274062
1374,-77.8953,186.988,-4.23824,-0.0399779,0.0191663,0.960762,0.273807
1375,-81.587,189.386,-4.58466,-0.0412443,0.0185279,0.960546,0.274424
1376,-85.1086,191.687,-4.92886,-0.0395395,0.0193685,0.960758,0.273873
1377,-88.4504,193.847,-5.24632,-0.0396881,0.017931,0.961289,0.272081
1378,-92.0001,196.12,-5.58482,-0.0408978,0.0183121,0.961669,0.270527
1379,-95.3866,198.273,-5.91766,-0.0390969,0.0201568,0.961929,0.269739
1380,-98.8845,200.544,-6.28108,-0.0463476,0.0197066,0.955996,0.289026
1381,-102.033,203.019,-6.65392,-0.0441391,0.0190148,0.933095,0.356403
1382,-104.735,206.34,-7.05123,-0.0408694,0.00811143,0.859657,0.509171
1383,-105.829,210.477,-7.33274,-0.0348009,0.00274911,0.723884,0.689038
1384,-105.189,214.543,-7.528,-0.0331406,-0.00274912,0.585113,0.810269
1385,-103.271,218.24,-7.62892,-0.022804,-0.00506951,0.486764,0.873221
1386,-100.87,221.687,-7.67111,-0.022635,-0.0044223,0.465812,0.884583
1387,-98.5191,225.044,-7.71524,-0.0239035,-0.00213798,0.479727,0.87709
1388,-96.2949,228.444,-7.77303,-0.0249048,-0.00170459,0.487967,0.872505
1389,-93.9803,232.016,-7.8806,-0.0292518,0.00603099,0.485114,0.873941
1390,-91.7062,235.521,-8.0331,-0.0354381,0.00834138,0.487735,0.872232
1391,-89.4295,239.081,-8.21507,-0.0314751,0.0097265,0.494225,0.86871
1392,-87.2648,242.632,-8.38599,-0.0341922,0.00846722,0.496699,0.867208
1393,-84.8849,246.261,-8.55932,-0.0397264,0.000813864,0.446925,0.893688
1394,-81.9898,249.247,-8.66431,-0.0429174,-0.00364075,0.319149,0.946725
1395,-78.2217,250.997,-8.67239,-0.0398126,-0.0103237,0.110768,0.992995
1396,-73.9254,250.963,-8.56663,-0.0361316,-0.0174339,-0.100528,0.994125
1397,-70.1574,249.558,-8.36125,-0.0234697,-0.000112693,-0.215086,0.976313
1398,-66.302,247.37,-8.29596,-0.0214941,-0.00692394,-0.266237,0.963643
1399,-62.7745,245.069,-8.17217,-0.0172217,-0.0109346,-0.27526,0.961153
1400,-59.1151,242.679,-8.0302,-0.0169322,-0.0139251,-0.274805,0.96125
1401,-55.7542,240.485,-7.88083,-0.0164806,-0.0119621,-0.274733,0.961305
1402,-52.333,238.247,-7.73828,-0.015416,-0.0108978,-0.274351,0.961444
1403,-48.5639,235.817,-7.58593,-0.0212826,-0.0140087,-0.276322,0.960727
1404,-45.0082,233.456,-7.40334,-0.022332,-0.0139269,-0.284789,0.958229
1405,-41.428,230.958,-7.25244,-0.0190501,-0.000743856,-0.295073,0.955285
1406,-37.8885,228.387,-7.1737,-0.0170087,-0.00385794,-0.296984,0.954723
1407,-34.5107,225.916,-7.07766,-0.0120945,-0.00487226,-0.2979,0.954508
1408,-31.2706,223.593,-6.98013,-0.0144505,-0.00778995,-0.29373,0.955747
1409,-27.8012,221.165,-6.8585,-0.0137603,-0.00548203,-0.286037,0.958104
1410,-24.2326,218.743,-6.73902,-0.0215212,-0.0150287,-0.289046,0.956955
1411,-20.9487,216.268,-6.52544,-0.0177792,0.00393904,-0.338287,0.940867
1412,-17.9772,213.218,-6.48131,-0.0181814,0.00212417,-0.433446,0.900994
1413,-15.9633,209.488,-6.39821,-0.0154202,-0.00197716,-0.598407,0.801041
1414,-15.7758,205.5,-6.27918,-0.00970483,-0.00593431,-0.764638,0.644359
1415,-17.2845,201.618,-6.18258,-0.0135628,-0.0132989,-0.858781,0.511989
1416,-19.5142,198.182,-6.01452,0.00794804,0.013759,0.880806,-0.473211
1417,-22.0326,194.678,-5.88269,0.00943214,0.0153964,0.887582,-0.460296
1418,-24.387,191.452,-5.73284,0.0102351,0.0146867,0.88398,-0.467182
1419,-26.7443,188.073,-5.59038,0.0059407,0.0112653,0.877859,-0.478749
1420,-29.0961,184.532,-5.50558,0.00240674,0.00743986,0.875787,-0.482635
1421,-31.5079,180.935,-5.44938,0.00232127,0.00601277,0.878502,-0.477695
1422,-33.8501,177.516,-5.39325,0.00240678,0.00772579,0.878458,-0.477751
1423,-36.297,173.871,-5.33017,0.00547892,0.00411605,0.877554,-0.479429
1424,-38.596,170.438,-5.25932,0.0133416,0.00609438,0.87686,-0.480522
1425,-40.8141,167.111,-5.13955,0.0101288,0.00545335,0.875659,-0.482793
1426,-43.1202,163.607,-5.01994,0.00906145,0.00732518,0.874241,-0.485352
1427,-45.3199,160.219,-4.89788,0.00952506,0.00659457,0.87238,-0.488691
1428,-47.6237,156.619,-4.77431,0.00139755,0.00388615,0.87127,-0.490788
1429,-49.7861,153.215,-4.74186,-0.00085201,0.00364554,0.870463,-0.492219
1430,-51.9306,149.808,-4.73235,-0.000876931,0.0031223,0.869565,-0.493808
1431,-54.1384,146.294,-4.7081,-0.00107764,0.00497607,0.870854,-0.491515
1432,-56.4501,142.68,-4.68323,0.00400126,-0.00516983,0.88455,-0.466399
1433,-59.202,139.325,-4.64549,0.00885802,0.000555823,0.924229,-0.381736
1434,-62.6434,136.942,-4.57421,0.00581762,0.00377803,0.975968,-0.217803
1435,-66.713,135.883,-4.5385,0.00135283,-0.00230851,0.999184,-0.0403145
1436,-70.6854,136.275,-4.5341,-0.00576237,0.00260969,0.992497,0.122101
1437,-74.5402,137.91,-4.6242,-0.019435,0.00810141,0.970134,0.241655
1438,-77.9385,140.029,-4.77717,-0.0121341,0.0104464,0.961325,0.274948
1439,-81.3808,142.349,-4.88537,-0.0127476,0.00987053,0.958699,0.283965
1440,-84.8321,144.727,-4.98985,-0.00968003,0.0114241,0.957728,0.287288
1441,-88.2771,147.082,-5.0756,-0.0107588,0.00697726,0.958389,0.285179
1442,-91.7493,149.436,-5.15078,-0.00772702,0.00409195,0.959004,0.283259
1443,-95.1623,151.748,-5.2099,-0.0179588,0.00829268,0.959183,0.282092
1444,-98.5953,154.069,-5.37376,-0.021734,0.0107886,0.959291,0.281375
1445,-102.116,156.456,-5.56491,-0.0162472,0.0131475,0.960204,0.278516
1446,-105.705,158.853,-5.71177,-0.013909,0.0158612,0.960593,0.277158
1447,-109.287,161.212,-5.8463,-0.0124844,0.0165654,0.961667,0.273432
1448,-112.775,163.451,-5.96259,-0.0129458,0.0173125,0.962914,0.26894
1449,-116.428,165.699,-6.08678,-0.0115379,0.00754422,0.96444,0.263944
1450,-119.891,167.871,-6.17903,-0.00835869,0.0048441,0.960244,0.278997
1451,-123.277,170.435,-6.24828,-0.0303856,0.00368061,0.930284,0.365561
1452,-125.838,173.857,-6.48958,-0.0292762,0.00222818,0.850839,0.524607
1453,-126.935,177.781,-6.67289,-0.0314761,0.00273764,0.739453,0.672468
1454,-126.475,181.95,-6.84632,-0.0321225,-0.00225097,0.600608,0.798895
1455,-124.727,185.68,-6.92993,-0.0222075,-0.00647288,0.506095,0.862167
1456,-122.466,189.248,-6.94447,-0.0221566,-0.00646643,0.481964,0.875887
1457,-120.109,192.771,-6.96924,-0.0225702,-0.00607624,0.482152,0.875776
1458,-117.855,196.209,-6.99315,-0.0225736,-0.00545157,0.485711,0.873811
1459,-115.587,199.681,-7.0478,-0.0251253,0.00343687,0.488037,0.872455
1460,-113.248,203.305,-7.18102,-0.0249637,0.00202699,0.490241,0.871227
1461,-110.916,206.981,-7.30955,-0.0243302,0.00159399,0.491626,0.870465
1462,-108.591,210.64,-7.42302,-0.027216,0.00357173,0.488985,0.87186
1463,-106.434,214.025,-7.53834,-0.0310695,-0.000594906,0.489944,0.8712
1464,-104.031,217.778,-7.62906,-0.0241826,-0.00231042,0.492927,0.869732
1465,-101.844,221.299,-7.68691,-0.0230927,-0.00391612,0.497025,0.86742
1466,-99.6087,224.986,-7.73827,-0.0248587,-0.00147658,0.499275,0.866085
1467,-97.4491,228.399,-7.81051,-0.0239904,-0.00397749,0.474366,0.879992
1468,-94.8193,231.783,-7.88069,-0.0317076,0.0028435,0.400343,0.915812
1469,-91.5427,234.314,-7.96615,-0.0355699,0.00120151,0.222769,0.974221
1470,-87.6533,235.218,-7.97496,-0.0372986,-0.0070288,0.00730096,0.999253
1471,-83.3712,234.454,-7.85261,-0.0298107,-0.0119944,-0.150969,0.988016
1472,-79.6491,232.852,-7.71958,-0.0211472,-0.00385946,-0.219765,0.975316
1473,-76.061,230.914,-7.63293,-0.0219192,-0.00413125,-0.245657,0.9691
1474,-72.4107,228.779,-7.53984,-0.0266187,-0.00624196,-0.258994,0.965492
1475,-69.0157,226.697,-7.42274,-0.0263906,-0.00563789,-0.26248,0.96456
1476,-65.5925,224.557,-7.30523,-0.0277688,-0.00651401,-0.269601,0.96255
1477,-62.1441,222.333,-7.17735,-0.0285657,-0.00968603,-0.272237,0.961757
1478,-58.7637,220.128,-7.01461,-0.023875,-0.0134243,-0.272051,0.961893
1479,-55.367,217.949,-6.84044,-0.0243329,-0.0127969,-0.27109,0.962161
1480,-51.9467,215.751,-6.69549,-0.0201551,-0.00290028,-0.270663,0.962459
1481,-48.2427,213.382,-6.61031,-0.0183128,-0.00141504,-0.269568,0.962806
1482,-44.617,211.072,-6.5313,-0.0218476,0.000571845,-0.274263,0.961406
1483,-41.1898,208.825,-6.44865,-0.0238466,-0.00147074,-0.278665,0.960091
1484,-37.7602,206.532,-6.35443,-0.0253919,-0.00582513,-0.286881,0.957612
1485,-34.4803,204.196,-6.20762,-0.0233941,-0.0122972,-0.304115,0.952268
1486,-31.1692,201.599,-6.01416,-0.0198311,0.00123496,-0.337878,0.94098
1487,-28.2705,198.787,-5.96379,-0.0187639,0.00343914,-0.419104,0.907738
1488,-26.1821,195.338,-5.88117,-0.0230857,-0.00359112,-0.571397,0.820341
1489,-25.7201,191.194,-5.71793,-0.0163492,-0.0105677,-0.753937,0.656658
1490,-27.0223,187.42,-5.55966,-0.00563189,-0.00830452,-0.848595,0.528948
1491,-29.0857,183.913,-5.49331,0.00276441,0.00795317,0.870118,-0.492773
1492,-31.2552,180.53,-5.44032,0.00243271,0.00602349,0.875381,-0.48339
1493,-33.5606,177.109,-5.3774,0.00206739,0.00827711,0.878039,-0.478514
1494,-35.9385,173.605,-5.32013,0.00291537,0.00557021,0.879617,-0.475641
1495,-38.2073,170.313,-5.25744,0.0118566,0.00927427,0.880068,-0.47461
1496,-40.4942,166.941,-5.13758,0.00957608,0.00756378,0.876461,-0.481319
1497,-42.8995,163.265,-5.01099,0.00863378,0.00926764,0.871764,-0.489763
1498,-45.0383,159.864,-4.88943,0.00971382,0.00720927,0.871783,-0.489744
1499,-47.3894,156.479,-4.77074,0.00125842,0.00175488,0.902369,-0.43096
1500,-50.3957,153.769,-4.7546,-0.00129318,-0.00114351,0.96127,-0.275601
1501,-54.295,152.285,-4.77329,-0.0037659,-0.000667166,0.995483,-0.0948576
1502,-58.4308,152.297,-4.79754,0.000415434,0.00219987,0.996906,0.0785684
1503,-62.6135,153.653,-4.81941,-0.0187625,0.0111796,0.979724,0.199162
1504,-66.4104,155.704,-4.9966,-0.0141266,0.00540537,0.96496,0.261958
1505,-69.9441,157.95,-5.11689,-0.00986301,0.00336658,0.962251,0.271963
1506,-73.685,160.375,-5.2037,-0.0108139,0.00554586,0.961872,0.27323
1507,-77.4102,162.806,-5.29609,-0.00976031,0.00536865,0.961521,0.274506
1508,-81.0842,165.208,-5.37449,-0.00940469,0.00590874,0.961349,0.275109
1509,-84.8044,167.644,-5.45279,-0.0205861,0.00726286,0.960482,0.277485
1510,-88.4121,170.033,-5.64328,-0.0234569,0.00827258,0.960528,0.277071
1511,-91.7324,172.209,-5.82895,-0.0185842,0.00470062,0.961015,0.275834
1512,-95.1055,174.396,-5.96666,-0.0183396,0.00269161,0.961499,0.274185
1513,-98.8677,176.804,-6.10922,-0.0182343,0.000903658,0.962489,0.270708
1514,-102.481,179.103,-6.23047,-0.0169532,0.000177982,0.963594,0.266832
1515,-105.906,181.28,-6.33766,-0.0115665,0.00816129,0.964576,0.263423
1516,-109.616,183.563,-6.43359,-0.0131345,0.00743422,0.961775,0.273423
1517,-113.042,186.088,-6.52262,-0.0270443,0.00999815,0.933824,0.356569
1518,-115.552,189.249,-6.73845,-0.025377,-0.000235482,0.852229,0.522553
1519,-116.559,193.234,-6.88118,-0.0229711,-0.00238192,0.719846,0.69375
1520,-115.744,197.394,-6.96743,-0.0250024,0.0016188,0.568645,0.822202
1521,-113.996,201.105,-7.07801,-0.0256762,0.0067996,0.554696,0.831629
1522,-112.724,205.266,-7.25053,-0.0213555,0.0108799,0.694629,0.718969
1523,-113.672,209.441,-7.43675,-0.0149239,0.0133212,0.871134,0.490638
1524,-116.421,212.522,-7.65495,-0.0314192,0.0217683,0.944439,0.326457
1525,-119.65,214.909,-7.91389,-0.0282302,0.0260586,0.956691,0.288562
1526,-122.96,217.191,-8.16576,-0.0287187,0.0236929,0.959371,0.279681
1527,-126.415,219.396,-8.44484,-0.0245545,0.0258566,0.971364,0.234905
1528,-130.34,220.816,-8.71934,-0.0180724,0.0332964,0.997526,0.0592101
1529,-134.682,220.666,-8.83691,0.0037513,0.0307087,0.992058,-0.121918
1530,-138.951,218.935,-8.80681,-0.000168249,0.0373764,0.959482,-0.279278
1531,-142.366,216.29,-8.74358,-0.00404241,0.0406797,0.923601,-0.38117
1532,-145.173,213.185,-8.66392,0.000178544,0.0396572,0.896225,-0.441822
1533,-147.907,209.534,-8.53892,0.00160622,0.03666,0.88271,-0.468484
1534,-150.708,205.405,-8.37733,0.00267997,0.0316018,0.877479,-0.478566
1535,-153,202.001,-8.26344,0.00385605,0.0310307,0.877369,-0.478798
1536,-155.411,198.44,-8.13488,0.00255531,0.0319424,0.876843,-0.479708
1537,-157.932,194.687,-8.01087,0.00163002,0.0317816,0.876201,-0.480894
1538,-160.522,190.807,-7.88679,0.000798291,0.0302452,0.875159,-0.482889
1539,-163.345,186.549,-7.7703,0.000969914,0.0320133,0.874415,-0.484121
1540,-166.115,182.348,-7.63408,-0.00123473,0.0323067,0.873723,-0.485349
1541,-168.938,178.019,-7.50866,-0.000739198,0.0299402,0.873422,-0.48604
1542,-171.829,173.6,-7.37729,-0.00611998,0.0277858,0.87299,-0.486908
1543,-174.576,169.356,-7.27273,-0.00717958,0.0282701,0.872902,-0.487023
1544,-177.29,165.147,-7.17212,-0.00575908,0.0265152,0.872683,-0.487533
1545,-180.041,160.862,-7.07721,-0.00444879,0.0255612,0.872003,-0.488813
1546,-182.613,156.849,-6.96647,-0.00287504,0.0266076,0.869885,-0.492529
1547,-185.113,152.889,-6.87181,-0.00558547,0.02711,0.867499,-0.496669
1548,-187.547,148.918,-6.77564,0.0096142,-0.0297093,-0.864241,0.502107
1549,-189.876,144.988,-6.69217,0.00767582,-0.0296614,-0.860957,0.507756
1550,-192.146,141.024,-6.59437,0.0107677,-0.031556,-0.855341,0.516991
1551,-194.221,137.127,-6.5349,0.0052389,-0.0288728,-0.849004,0.527568
1552,-196.319,132.986,-6.42078,0.00422823,-0.0321437,-0.841392,0.539451
1553,-198.121,129.145,-6.30602,0.0131624,-0.027069,-0.833036,0.552398
1554,-199.891,125.045,-6.26398,0.0107202,-0.0305825,-0.824693,0.564652
1555,-201.499,120.98,-6.17786,0.0104454,-0.0323592,-0.816058,0.576968
1556,-203.039,116.746,-6.07369,0.0107327,-0.0328701,-0.807336,0.589079
1557,-204.424,112.529,-5.96842,0.0089267,-0.0344824,-0.798456,0.601
1558,-205.665,108.326,-5.8365,0.0114994,-0.0320604,-0.789879,0.612316
1559,-206.776,104.183,-5.73429,0.00914593,-0.0339044,-0.781344,0.623113
1560,-207.784,100.02,-5.60849,0.0120217,-0.033682,-0.772954,0.633453
1561,-208.641,95.927,-5.5012,0.0118071,-0.0318114,-0.764502,0.643727
1562,-209.406,91.7787,-5.39084,0.0105359,-0.0307175,-0.756056,0.6537
1563,-210.07,87.5717,-5.27436,0.00985566,-0.0316748,-0.747031,0.66396
1564,-210.611,83.4782,-5.14988,0.011569,-0.0325983,-0.737965,0.673952
1565,-211.036,79.4039,-5.02719,0.014441,-0.0333297,-0.72858,0.683996
1566,-211.338,75.4124,-4.92192,0.0156172,-0.0336622,-0.718766,0.69426
1567,-211.526,71.3817,-4.81287,0.0141287,-0.0347798,-0.707979,0.705236
1568,-211.564,66.4168,-4.65646,0.0109035,-0.0321398,-0.693539,0.71962
1569,-211.405,61.3766,-4.48854,0.0108026,-0.033611,-0.68063,0.731776
1570,-211.105,56.6889,-4.30645,0.0107454,-0.0311096,-0.670224,0.741429
1571,-210.697,52.0294,-4.13481,0.0125119,-0.0296798,-0.661497,0.749257
1572,-210.198,47.5721,-3.98376,0.0123264,-0.0297367,-0.650884,0.758494
1573,-209.58,43.2589,-3.8219,0.0185379,-0.0236019,-0.638169,0.769311
1574,-208.703,38.622,-3.72835,0.00386546,-0.0269921,-0.624493,0.780554
1575,-207.751,34.259,-3.52053,0.0104738,-0.0232355,-0.610015,0.79198
1576,-206.742,30.247,-3.38607,0.0117746,-0.0258295,-0.597272,0.801536
1577,-205.525,26.0035,-3.23193,0.01118,-0.0215342,-0.588798,0.807916
1578,-204.336,22.0997,-3.11012,0.00909191,-0.0191371,-0.580926,0.813681
1579,-203.043,18.2169,-3.00369,-0.00125559,-0.0276943,-0.571507,0.820129
1580,-201.54,14.1363,-2.82878,0.00129359,-0.025129,-0.537964,0.842592
1581,-199.474,10.4405,-2.64755,-0.00440744,-0.0248473,-0.441998,0.896661
1582,-196.504,7.31323,-2.45232,-0.0102717,-0.0215307,-0.324222,0.94568
1583,-192.986,5.12115,-2.29128,-0.0105687,-0.0239784,-0.204227,0.978573
1584,-188.749,3.82004,-2.08323,-0.00613354,-0.0119512,-0.0724676,0.99728
1585,-184.607,3.61317,-1.99438,-0.00557904,-0.00720326,0.0429101,0.999037
1586,-180.247,4.3376,-1.9238,-0.00431994,0.00754094,0.139508,0.990183
1587,-175.836,5.85041,-1.95131,-0.00301965,-0.00521703,0.193785,0.981025
1588,-171.889,7.39384,-1.9233,0.00100797,-0.00459364,0.199379,0.979911
1589,-167.972,8.96017,-1.86656,-0.00100899,-0.00354168,0.199231,0.979946
1590,-163.995,10.5399,-1.82752,-0.0004726,-0.00624719,0.199697,0.979838
1591,-159.9,12.1783,-1.76855,-0.000658748,-0.00622853,0.201316,0.979506
1592,-155.686,13.8786,-1.70336,0.00137075,-0.0039758,0.203904,0.978982
1593,-151.953,15.422,-1.65461,0.00250786,-0.00316948,0.207597,0.978206
1594,-147.858,17.1589,-1.6239,-0.000364927,-0.0039795,0.211246,0.977425
1595,-143.369,19.1007,-1.5835,-0.000468734,-0.00443819,0.212838,0.977077
1596,-138.824,21.081,-1.52668,-0.00338442,-0.00232226,0.213273,0.976984
1597,-135.111,22.6694,-1.49627,-0.00293064,-0.00276569,0.212963,0.977052
1598,-130.515,24.6478,-1.458,-0.00233273,-0.00105779,0.213149,0.977016
1599,-125.938,26.6122,-1.43107,-0.00252755,-0.00170026,0.212572,0.977141
1600,-121.223,28.6247,-1.39267,0.000820313,-0.00066662,0.211178,0.977447
1601,-116.689,30.5389,-1.36042,-0.000345095,-0.00246832,0.209855,0.977729
1602,-112.122,32.4541,-1.31584,-0.000765101,-0.00188909,0.208806,0.977955
1603,-107.599,34.3569,-1.28316,0.000206088,-0.00181947,0.207508,0.978232
1604,-103.042,36.2212,-1.23093,0.00516095,-0.00657912,0.202146,0.97932
1605,-98.5391,38.0241,-1.15456,-0.000632995,-0.00800345,0.195445,0.980682
1606,-94.1798,39.6868,-1.04914,-0.00279871,-0.00720344,0.189826,0.981787
1607,-89.6229,41.3627,-0.957143,-0.000985954,-0.00794061,0.184916,0.982722
1608,-85.3923,42.8877,-0.867287,-0.00504325,-0.00930249,0.179526,0.983696
1609,-80.9452,44.3819,-0.785581,0.00218942,-0.00820343,0.170342,0.985348
1610,-76.7151,45.7161,-0.684995,0.001546,-0.0082893,0.157215,0.987528
1611,-72.5544,46.9107,-0.585214,-0.000694592,-0.00757279,0.144309,0.989503
1612,-68.3176,48.0216,-0.499773,-0.00138664,-0.00734867,0.132348,0.991175
1613,-64.1009,48.991,-0.433692,-0.00132742,-0.00900911,0.116458,0.993154
1614,-59.8716,49.8238,-0.351422,-0.00218444,-0.00806534,0.100763,0.994875
1615,-55.6459,50.5266,-0.2709,-0.00373319,-0.00749624,0.0836298,0.996462
1616,-51.3318,51.0944,-0.190596,-0.00421707,-0.0087539,0.0699145,0.997506
1617,-47.0027,51.5221,-0.106796,-0.0028964,-0.00787572,0.0515144,0.998637
1618,-42.6878,51.7875,-0.0405542,-0.00233862,-0.00704782,0.0315759,0.999474
1619,-38.3129,51.872,0.0356209,0.000523222,-0.0076668,0.0136698,0.999877
1620,-33.975,51.8088,0.11305,0.00153917,-0.00846021,-0.00324336,0.999958
1621,-29.5878,51.6193,0.188274,0.0011591,-0.00475947,-0.0179012,0.999828
1622,-25.1411,51.3208,0.240822,-0.00395903,-0.00413102,-0.0292089,0.999557
1623,-20.7502,50.9127,0.283219,-0.00721329,0.0005236,-0.0401318,0.999168
1624,-16.3582,50.4334,0.281782,-0.00616026,0.00319203,-0.0461313,0.998911
1625,-11.8782,49.8578,0.259302,-0.00135418,-0.000473425,-0.054098,0.998535
1626,-7.5413,49.2169,0.256922,-0.000272359,0.00515477,-0.0680379,0.997669
1627,-3.11679,48.4163,0.226029,0.00172934,0.00776504,-0.0856348,0.996295
1628,1.21924,47.5127,0.184126,0.0021585,0.00500589,-0.0984373,0.995128
1629,5.5495,46.4698,0.149902,0.00298573,0.00840072,-0.11603,0.993206
1630,9.96,45.2187,0.0862897,0.0032664,0.00928525,-0.137798,0.990411
1631,13.9647,43.852,0.0312211,0.0033307,0.00928513,-0.166126,0.986055
1632,17.9913,42.2328,-0.0310146,0.000695136,0.00828957,-0.190475,0.981657
1633,21.9066,40.4902,-0.0935218,0.00160357,0.00881413,-0.202263,0.97929
1634,25.8453,38.6482,-0.154624,0.00405034,0.0111075,-0.208784,0.97789
1635,29.6362,36.8325,-0.234773,0.00535248,0.00944373,-0.212854,0.977024
1636,33.389,35.0249,-0.294232,0.00160214,0.0144437,-0.21743,0.975968
1637,37.5951,32.8992,-0.394978,0.00378786,0.0140276,-0.222183,0.974897
1638,41.3197,30.974,-0.488359,0.00717581,0.0154342,-0.227394,0.973654
1639,44.8659,29.0652,-0.587818,0.00503683,0.0161557,-0.250474,0.967975
1640,48.346,26.5841,-0.707409,0.00354483,0.0179366,-0.366324,0.930308
1641,50.7607,22.9963,-0.861854,-0.0227259,0.0151468,-0.576168,0.816874
1642,51.1344,18.5594,-0.80968,-0.0150311,0.0119671,-0.737879,0.67466
1643,50.2693,14.6308,-0.772429,-0.0131154,0.0116764,-0.798686,0.601493
1644,48.8283,10.769,-0.731103,-0.0163787,0.0152965,-0.837301,0.546281
1645,46.7937,7.33283,-0.666055,0.0113568,-0.0142488,0.890629,-0.454367
1646,43.8375,4.44149,-0.608752,0.0129365,-0.0123012,0.951509,-0.307103
1647,39.93,2.52759,-0.500095,0.0132453,-0.00554301,0.985323,-0.170093
1648,35.6583,1.59835,-0.379872,0.00830439,-0.000926831,0.996749,-0.0801405
1649,31.3344,1.07708,-0.291764,0.0118925,0.000835662,0.997972,-0.0625392
1650,27.117,0.636348,-0.185652,0.00805374,-0.00155858,0.998203,-0.059358
1651,23.0583,0.238619,-0.101364,0.000558854,0.00300409,0.997988,-0.0633384
1652,18.9936,-0.257631,-0.081788,-0.000518382,-0.00486586,0.997724,-0.0672517
1653,14.8575,-0.581016,-0.0381595,-0.0072542,0.00051321,0.999903,0.0118456
1654,10.9651,0.463296,-0.0747334,0.00406201,-0.0034014,0.964201,0.265121
1655,8.06557,3.59594,-0.0499075,-0.0014421,0.00288277,0.862399,0.506219
1656,6.76423,7.36879,-0.0726608,-0.00496566,0.00015648,0.777112,0.629343
1657,6.38477,11.455,-0.103813,-0.00173296,0.00205175,0.716682,0.697396
1658,6.51074,15.6582,-0.0885766,-0.00235377,0.0057551,0.698457,0.715625
1659,6.67784,19.8902,-0.115195,0.00188762,0.00964727,0.694561,0.719368
1660,7.01018,24.0998,-0.157105,0.00384389,0.0136467,0.724806,0.688807
